employee_id,survey_date,engagement_score,satisfaction_score,work_life_balance_score
1001,2022-10-10,2,5,5
1002,2023-08-03,4,5,3
1003,2023-01-03,2,5,2
1004,2023-07-30,3,5,3
1005,2023-06-19,2,4,5
1006,2023-05-03,5,2,1
1007,2023-07-18,2,1,5
1008,2023-06-21,5,2,2
1009,2023-06-06,2,5,1
1010,2022-09-15,2,4,2
1011,2022-12-08,1,2,3
1012,2023-01-13,3,5,4
1013,2022-12-13,5,4,3
1014,2023-06-28,4,4,1
1015,2023-07-11,1,1,3
1016,2022-12-09,2,3,2
1017,2023-07-16,4,1,3
1018,2023-06-21,4,1,4
1019,2023-06-21,1,3,5
1020,2023-08-01,2,1,2
1021,2023-03-09,5,1,4
1022,2023-02-12,1,4,4
1023,2023-01-17,4,4,3
1024,2022-10-12,5,3,1
1025,2023-01-24,4,1,4
1026,2022-10-09,5,2,5
1027,2023-04-05,2,3,5
1028,2023-03-26,5,5,4
1029,2022-11-07,3,5,4
1030,2023-01-03,4,4,1
1031,2023-02-27,5,3,2
1032,2023-05-22,5,4,4
1033,2023-07-02,3,1,3
1034,2023-07-09,2,5,1
1035,2023-07-19,1,5,5
1036,2022-08-09,5,2,1
1037,2022-11-25,5,1,4
1038,2023-03-10,5,1,2
1039,2022-12-03,2,4,5
1040,2022-09-27,5,3,1
1041,2023-01-19,3,1,4
1042,2023-02-17,1,3,4
1043,2023-02-25,1,1,3
1044,2022-11-26,2,4,5
1045,2022-08-08,1,4,1
1046,2023-02-18,3,5,4
1047,2023-05-12,4,2,3
1048,2022-10-19,3,1,4
1049,2023-07-27,3,5,2
1050,2023-07-03,4,5,1
1051,2023-01-01,2,4,5
1052,2022-11-19,1,4,4
1053,2022-10-12,2,1,4
1054,2023-07-05,1,5,2
1055,2022-09-23,3,4,1
1056,2023-01-17,4,2,2
1057,2023-03-12,3,2,5
1058,2023-03-06,4,2,1
1059,2023-03-29,4,3,3
1060,2023-07-01,5,5,4
1061,2023-02-05,3,3,1
1062,2023-01-03,3,2,1
1063,2023-07-25,5,2,4
1064,2022-12-14,5,4,4
1065,2023-01-20,5,3,4
1066,2023-07-15,4,3,5
1067,2023-06-10,3,2,5
1068,2022-10-09,3,2,2
1069,2023-02-04,3,1,2
1070,2023-03-05,3,1,2
1071,2023-05-15,1,2,2
1072,2023-02-18,2,2,3
1073,2023-02-16,4,4,2
1074,2023-02-10,3,4,1
1075,2023-04-10,1,2,3
1076,2023-04-11,1,3,1
1077,2022-10-12,5,2,4
1078,2023-07-28,3,3,4
1079,2022-10-08,2,2,1
1080,2023-03-04,3,1,3
1081,2023-03-03,1,3,3
1082,2023-02-27,1,4,1
1083,2023-01-09,5,5,3
1084,2023-02-19,1,2,4
1085,2023-01-09,5,5,3
1086,2023-03-14,1,1,5
1087,2023-05-03,1,5,2
1088,2023-04-20,4,3,1
1089,2023-04-19,3,1,5
1090,2023-05-16,4,3,4
1091,2023-04-22,2,4,3
1092,2023-03-08,1,4,1
1093,2023-03-05,3,1,4
1094,2023-01-22,5,4,5
1095,2023-03-17,1,2,1
1096,2022-12-17,1,3,2
1097,2022-10-31,1,2,5
1098,2022-12-28,2,2,2
1099,2023-08-04,1,5,5
1100,2022-09-10,1,4,5
1101,2023-03-21,1,1,3
1102,2023-03-02,5,1,4
1103,2022-11-06,5,3,1
1104,2022-12-21,1,4,2
1105,2023-02-15,1,4,1
1106,2023-01-31,2,3,3
1107,2022-10-18,4,5,1
1108,2023-07-24,4,5,3
1109,2022-10-16,4,5,4
1110,2023-02-23,1,1,4
1111,2023-05-11,4,1,1
1112,2023-07-06,4,1,1
1113,2023-04-09,3,3,5
1114,2023-03-03,1,3,3
1115,2023-03-11,4,1,3
1116,2022-12-16,3,4,4
1117,2023-07-29,4,5,1
1118,2023-02-22,1,5,3
1119,2023-04-16,4,4,5
1120,2023-06-05,3,3,4
1121,2023-01-21,1,1,4
1122,2022-12-04,2,1,2
1123,2023-06-10,2,3,1
1124,2023-02-27,3,2,3
1125,2023-03-17,4,3,4
1126,2023-04-23,3,3,2
1127,2023-01-27,5,1,3
1128,2023-02-18,4,2,4
1129,2022-10-31,1,1,1
1130,2023-05-07,1,5,4
1131,2023-05-11,4,4,4
1132,2023-07-15,1,5,5
1133,2023-06-15,1,2,4
1134,2022-12-29,4,1,2
1135,2023-02-23,5,4,4
1136,2023-04-09,2,5,2
1137,2022-11-12,3,3,5
1138,2022-10-19,4,5,1
1139,2022-08-27,2,4,2
1140,2023-05-04,5,3,2
1141,2022-12-26,5,5,2
1142,2023-06-21,4,4,4
1143,2022-12-13,2,4,2
1144,2022-11-03,5,3,2
1145,2022-10-24,3,3,4
1146,2022-09-21,3,2,2
1147,2023-03-19,1,3,5
1148,2023-04-02,4,1,3
1149,2022-11-03,3,2,5
1150,2022-12-28,3,4,4
1151,2022-12-12,5,3,1
1152,2022-12-14,1,1,5
1153,2023-02-28,3,4,2
1154,2023-06-09,1,3,2
1155,2022-08-25,2,3,1
1156,2023-05-12,1,5,2
1157,2023-06-06,1,4,2
1158,2023-03-17,2,4,4
1159,2023-02-18,1,2,4
1160,2022-08-20,4,2,3
1161,2023-04-09,3,4,4
1162,2022-10-05,3,3,2
1163,2022-12-14,1,2,3
1164,2022-10-23,5,5,5
1165,2023-01-09,3,3,1
1166,2023-02-27,2,1,4
1167,2023-05-22,2,3,4
1168,2022-08-28,2,2,2
1169,2023-08-03,1,3,2
1170,2023-02-05,1,5,4
1171,2023-06-24,4,1,4
1172,2023-06-19,1,3,2
1173,2023-06-16,5,5,2
1174,2023-03-06,2,1,5
1175,2023-04-22,2,1,2
1176,2022-10-17,2,2,5
1177,2022-08-12,2,2,5
1178,2023-05-03,2,1,2
1179,2023-07-10,3,5,1
1180,2023-05-15,4,3,1
1181,2023-07-05,5,5,4
1182,2022-08-25,2,4,5
1183,2023-03-07,4,5,5
1184,2022-10-03,1,3,1
1185,2022-08-13,1,2,4
1186,2023-05-12,3,3,5
1187,2022-11-19,4,1,1
1188,2023-07-16,4,1,1
1189,2023-07-19,5,5,3
1190,2023-04-07,2,5,3
1191,2023-07-13,4,4,4
1192,2022-12-24,3,1,1
1193,2022-08-15,5,2,3
1194,2022-12-04,5,4,2
1195,2023-01-30,5,3,2
1196,2023-06-02,4,5,4
1197,2022-11-09,3,5,4
1198,2022-12-12,3,2,2
1199,2023-06-27,3,3,3
1200,2023-04-19,4,5,1
1201,2023-02-23,2,4,4
1202,2022-08-14,1,3,2
1203,2022-10-03,3,5,3
1204,2023-06-22,1,4,3
1205,2023-04-07,2,1,2
1206,2022-10-17,3,4,2
1207,2022-08-06,2,1,2
1208,2022-08-18,5,1,5
1209,2023-05-28,1,3,1
1210,2022-10-24,4,5,1
1211,2023-03-16,3,3,1
1212,2023-01-31,4,5,4
1213,2022-09-28,1,2,4
1214,2023-06-02,1,5,3
1215,2022-10-25,2,1,5
1216,2022-09-09,4,1,1
1217,2022-08-23,5,5,1
1218,2023-02-27,2,3,1
1219,2023-07-17,2,2,2
1220,2023-05-08,5,2,4
1221,2022-08-17,5,5,3
1222,2023-03-31,5,2,1
1223,2023-05-07,4,1,4
1224,2023-05-20,4,2,3
1225,2022-11-05,1,2,4
1226,2023-04-04,4,5,4
1227,2022-12-12,1,2,2
1228,2023-01-21,2,5,3
1229,2023-05-20,4,2,5
1230,2022-11-30,5,4,4
1231,2023-03-13,2,2,1
1232,2022-08-22,2,1,5
1233,2023-05-01,5,5,3
1234,2022-12-11,4,1,5
1235,2023-03-23,5,5,3
1236,2023-07-25,1,4,1
1237,2023-07-11,4,3,1
1238,2022-12-29,1,3,3
1239,2022-10-07,4,5,5
1240,2023-08-02,1,4,3
1241,2023-01-16,4,4,3
1242,2023-07-28,4,4,1
1243,2023-05-04,5,2,3
1244,2022-08-17,2,3,5
1245,2022-09-23,3,5,5
1246,2023-01-12,4,3,2
1247,2022-11-13,2,4,5
1248,2022-12-05,5,3,2
1249,2022-12-22,2,4,2
1250,2023-04-26,4,5,1
1251,2022-12-03,5,5,3
1252,2023-06-10,2,3,2
1253,2023-01-10,2,4,2
1254,2023-06-18,3,1,5
1255,2022-11-03,3,1,1
1256,2022-10-24,4,4,2
1257,2023-07-19,2,1,1
1258,2023-04-16,3,5,4
1259,2022-10-17,1,3,4
1260,2023-02-21,5,2,5
1261,2023-07-13,2,5,4
1262,2022-12-16,3,4,1
1263,2023-01-24,4,5,3
1264,2023-04-21,3,5,4
1265,2023-06-28,4,2,5
1266,2023-03-29,1,3,1
1267,2023-04-25,4,1,5
1268,2023-04-18,2,1,2
1269,2022-09-19,1,2,4
1270,2023-03-16,5,5,1
1271,2023-01-13,3,1,5
1272,2022-10-31,4,2,3
1273,2023-02-26,1,4,2
1274,2023-03-19,2,1,5
1275,2022-08-19,2,5,3
1276,2023-06-01,1,4,5
1277,2023-08-01,4,3,3
1278,2023-05-28,2,4,5
1279,2022-10-11,3,3,5
1280,2022-11-12,3,2,2
1281,2023-05-31,4,2,1
1282,2022-10-04,3,3,1
1283,2022-11-19,2,1,2
1284,2022-11-24,5,1,5
1285,2023-07-05,3,2,2
1286,2023-04-13,1,5,1
1287,2023-07-30,3,5,2
1288,2023-07-15,2,4,5
1289,2023-05-09,5,3,1
1290,2023-04-12,5,4,2
1291,2023-05-24,5,4,5
1292,2023-03-21,1,4,3
1293,2023-03-15,2,3,2
1294,2023-08-03,5,4,2
1295,2023-02-18,3,3,3
1296,2023-02-07,1,1,5
1297,2022-08-10,2,4,4
1298,2022-12-06,1,2,1
1299,2023-07-02,1,2,2
1300,2022-10-07,1,3,1
1301,2023-01-21,1,4,2
1302,2023-06-04,1,2,4
1303,2023-01-01,5,3,5
1304,2023-04-11,3,5,1
1305,2023-02-22,2,5,2
1306,2022-11-12,1,3,5
1307,2022-11-18,1,5,1
1308,2022-08-28,4,5,2
1309,2022-09-07,1,1,3
1310,2023-04-24,3,4,3
1311,2023-03-09,5,2,3
1312,2022-09-25,2,5,2
1313,2023-07-18,5,4,1
1314,2023-03-28,5,5,3
1315,2022-11-29,5,1,1
1316,2023-07-20,3,4,3
1317,2023-05-05,4,2,2
1318,2023-05-21,5,4,2
1319,2023-06-14,4,2,5
1320,2023-01-12,5,1,5
1321,2023-04-30,1,5,5
1322,2023-01-17,1,5,2
1323,2023-05-02,5,1,5
1324,2022-11-16,5,3,3
1325,2022-12-17,1,5,3
1326,2023-03-04,5,3,1
1327,2023-03-23,5,3,4
1328,2022-11-07,1,4,3
1329,2023-05-23,3,2,5
1330,2022-09-25,3,5,2
1331,2023-05-16,3,2,5
1332,2023-04-13,1,2,5
1333,2023-01-29,3,4,5
1334,2022-12-21,1,3,1
1335,2022-10-09,4,5,5
1336,2023-03-09,5,1,4
1337,2022-11-01,3,3,4
1338,2022-10-20,1,1,1
1339,2022-12-02,1,3,2
1340,2023-05-28,5,4,4
1341,2023-05-15,1,3,4
1342,2022-12-20,3,2,2
1343,2022-09-07,1,2,3
1344,2022-08-23,1,4,5
1345,2022-08-28,2,4,4
1346,2023-04-28,4,2,3
1347,2023-02-28,4,3,1
1348,2022-11-01,2,2,4
1349,2023-04-21,1,2,3
1350,2023-03-05,3,4,5
1351,2023-01-18,4,1,5
1352,2023-06-03,4,2,1
1353,2022-10-11,5,1,5
1354,2023-06-21,4,4,2
1355,2023-01-28,2,2,3
1356,2022-08-14,1,1,1
1357,2023-01-30,1,4,3
1358,2023-02-25,1,2,5
1359,2023-01-09,4,5,1
1360,2023-03-31,5,2,1
1361,2023-03-30,1,3,2
1362,2023-01-11,5,2,5
1363,2023-06-19,5,2,2
1364,2023-05-03,2,2,4
1365,2022-10-08,5,1,2
1366,2022-08-17,1,4,2
1367,2023-07-20,1,4,3
1368,2022-10-04,2,2,2
1369,2023-03-08,2,4,3
1370,2023-07-19,1,2,1
1371,2023-05-19,1,1,2
1372,2023-07-30,3,1,4
1373,2023-06-12,1,2,5
1374,2023-02-08,5,5,4
1375,2022-09-28,1,3,2
1376,2023-06-12,4,3,5
1377,2023-03-05,5,5,4
1378,2023-02-03,1,4,5
1379,2023-02-28,5,2,5
1380,2022-12-27,1,1,2
1381,2023-07-10,2,2,1
1382,2022-11-30,2,1,1
1383,2022-09-02,4,1,5
1384,2023-05-05,2,3,4
1385,2022-09-11,3,1,3
1386,2023-03-18,2,4,5
1387,2023-03-29,5,1,2
1388,2023-07-15,5,2,4
1389,2023-02-25,4,4,3
1390,2023-01-23,2,3,4
1391,2022-08-11,4,1,1
1392,2022-09-19,4,4,3
1393,2023-06-17,4,4,4
1394,2023-07-07,1,2,2
1395,2023-05-31,4,1,2
1396,2023-07-07,2,1,3
1397,2023-03-31,3,2,3
1398,2023-04-07,1,1,1
1399,2023-03-07,1,4,4
1400,2023-05-17,2,3,3
1401,2022-11-04,2,5,3
1402,2023-07-13,2,4,4
1403,2022-12-25,1,3,2
1404,2023-02-18,1,2,2
1405,2023-04-29,3,3,3
1406,2023-05-15,4,1,5
1407,2023-02-16,3,3,1
1408,2023-06-07,3,3,3
1409,2023-05-17,2,2,1
1410,2023-04-02,2,2,4
1411,2023-06-25,5,4,5
1412,2023-06-16,4,3,5
1413,2022-10-31,4,3,2
1414,2022-08-13,1,4,4
1415,2022-09-16,2,2,1
1416,2023-05-11,5,4,3
1417,2022-12-31,3,5,2
1418,2022-11-25,2,1,3
1419,2023-02-11,4,2,1
1420,2023-06-12,1,2,4
1421,2022-09-03,3,5,5
1422,2023-04-10,1,5,2
1423,2023-03-23,2,5,5
1424,2022-09-03,4,4,5
1425,2022-09-06,2,3,1
1426,2023-07-11,4,5,5
1427,2023-02-09,1,2,3
1428,2023-06-04,3,5,2
1429,2023-03-23,1,4,3
1430,2022-09-15,2,2,2
1431,2022-10-28,2,1,1
1432,2022-10-13,4,3,4
1433,2022-08-06,5,1,3
1434,2022-10-21,1,2,3
1435,2023-03-23,4,2,3
1436,2023-07-09,1,2,2
1437,2023-01-06,4,5,5
1438,2023-01-21,1,4,1
1439,2022-11-29,3,1,3
1440,2022-11-02,3,1,4
1441,2023-04-07,1,1,5
1442,2023-01-11,2,4,2
1443,2023-06-12,5,2,3
1444,2022-12-21,5,5,3
1445,2022-11-17,2,2,4
1446,2023-06-15,1,1,5
1447,2022-08-17,4,4,1
1448,2022-10-23,1,1,3
1449,2022-08-11,4,2,2
1450,2023-04-22,5,1,2
1451,2022-12-27,4,3,4
1452,2022-08-14,4,4,5
1453,2022-09-12,1,5,1
1454,2023-07-28,2,2,1
1455,2023-07-04,2,2,4
1456,2022-08-31,2,1,5
1457,2023-07-02,2,1,1
1458,2023-02-06,2,2,4
1459,2022-09-10,5,2,5
1460,2023-02-23,2,3,1
1461,2023-04-09,1,1,2
1462,2022-08-31,4,5,5
1463,2023-03-13,5,4,5
1464,2023-07-04,2,5,1
1465,2023-06-02,1,1,3
1466,2022-12-05,1,4,5
1467,2022-08-13,3,4,2
1468,2023-04-21,3,1,3
1469,2023-02-23,4,2,4
1470,2023-03-21,1,4,1
1471,2022-12-23,3,4,2
1472,2022-09-02,2,4,1
1473,2022-12-11,5,2,1
1474,2022-09-22,2,1,3
1475,2023-07-25,2,3,3
1476,2022-12-21,1,4,1
1477,2023-02-24,5,5,3
1478,2022-11-22,1,1,3
1479,2022-08-23,3,4,2
1480,2023-02-16,5,1,4
1481,2023-07-24,3,5,3
1482,2023-04-23,1,1,1
1483,2022-08-19,3,5,4
1484,2022-12-25,5,2,1
1485,2022-12-14,1,2,1
1486,2023-03-05,5,5,2
1487,2023-05-20,4,4,2
1488,2023-03-14,2,2,4
1489,2022-10-13,3,5,2
1490,2023-03-06,2,3,4
1491,2023-03-29,1,3,3
1492,2023-04-17,4,5,2
1493,2022-12-06,2,2,4
1494,2023-05-06,5,5,5
1495,2022-12-30,3,3,4
1496,2023-07-09,2,3,3
1497,2023-07-29,5,4,5
1498,2022-12-28,1,5,3
1499,2022-11-28,4,2,3
1500,2023-07-24,1,4,4
1501,2023-05-08,5,4,4
1502,2023-06-08,5,3,5
1503,2022-10-24,2,2,4
1504,2022-10-23,5,3,2
1505,2022-11-02,2,5,4
1506,2023-05-08,2,3,2
1507,2023-01-19,1,2,1
1508,2022-10-07,4,3,2
1509,2022-09-25,5,1,3
1510,2023-04-06,2,3,3
1511,2022-09-17,2,3,2
1512,2023-04-18,4,5,2
1513,2022-11-18,5,3,5
1514,2023-05-08,1,3,2
1515,2022-12-14,2,3,1
1516,2023-07-16,1,5,3
1517,2023-01-22,4,5,3
1518,2022-09-28,4,4,2
1519,2023-02-25,1,3,1
1520,2023-04-05,2,2,5
1521,2023-06-11,4,1,3
1522,2022-12-03,3,4,5
1523,2022-09-20,4,4,3
1524,2023-01-17,4,1,2
1525,2022-10-29,2,4,1
1526,2023-01-20,2,3,3
1527,2023-06-02,1,1,3
1528,2023-02-25,5,5,2
1529,2023-04-28,3,1,3
1530,2022-10-31,1,2,3
1531,2022-08-23,5,5,3
1532,2023-08-04,5,2,2
1533,2023-06-27,1,3,2
1534,2022-08-12,1,1,5
1535,2022-12-08,4,2,1
1536,2023-03-19,5,3,5
1537,2022-08-06,5,2,4
1538,2022-11-11,2,4,5
1539,2023-01-22,4,4,5
1540,2023-01-24,2,4,2
1541,2022-12-26,1,4,1
1542,2023-07-31,5,4,4
1543,2023-01-07,4,1,1
1544,2023-06-20,5,1,5
1545,2022-08-21,2,4,2
1546,2023-05-26,3,1,5
1547,2022-09-24,4,4,4
1548,2023-06-14,1,4,4
1549,2023-07-07,2,3,1
1550,2023-03-04,2,3,3
1551,2023-07-08,4,4,2
1552,2023-05-31,3,2,4
1553,2023-01-12,3,1,5
1554,2023-06-08,1,3,3
1555,2022-12-19,5,1,2
1556,2022-10-07,4,5,2
1557,2022-08-19,4,1,2
1558,2022-10-09,3,5,2
1559,2023-02-04,3,1,3
1560,2023-01-23,1,2,4
1561,2023-04-01,5,1,3
1562,2023-04-21,3,2,1
1563,2023-04-23,1,4,3
1564,2022-12-20,4,1,4
1565,2023-06-16,5,4,5
1566,2023-07-25,1,4,1
1567,2023-04-12,4,2,4
1568,2022-10-04,1,2,3
1569,2023-03-08,1,3,1
1570,2022-08-07,1,4,5
1571,2023-06-04,3,2,4
1572,2022-10-17,2,4,3
1573,2023-06-10,1,1,3
1574,2023-06-10,4,3,2
1575,2022-11-16,2,3,2
1576,2023-05-07,5,2,3
1577,2023-03-29,5,2,1
1578,2023-02-03,5,5,1
1579,2023-04-15,1,3,1
1580,2023-04-23,1,1,5
1581,2022-12-11,1,3,5
1582,2022-11-04,2,1,5
1583,2023-06-27,3,3,3
1584,2023-03-18,4,1,4
1585,2022-12-23,5,4,4
1586,2023-07-16,3,3,4
1587,2023-06-27,4,5,3
1588,2023-07-21,1,5,5
1589,2023-04-26,2,1,1
1590,2023-04-20,5,1,3
1591,2023-05-10,4,3,1
1592,2023-06-06,1,1,4
1593,2022-10-02,1,4,1
1594,2022-12-08,1,1,4
1595,2023-01-12,3,4,3
1596,2023-02-10,4,4,1
1597,2023-07-23,2,1,4
1598,2023-05-28,2,5,5
1599,2022-09-13,4,5,2
1600,2023-04-28,5,3,2
1601,2023-01-05,4,2,5
1602,2023-04-01,2,1,3
1603,2022-08-31,2,5,1
1604,2023-01-28,1,5,1
1605,2023-05-08,2,3,3
1606,2023-06-28,5,4,3
1607,2023-03-18,3,5,5
1608,2022-12-11,2,4,3
1609,2023-04-13,5,5,4
1610,2022-10-23,4,5,5
1611,2023-05-21,1,2,2
1612,2022-12-13,5,5,3
1613,2022-09-07,4,2,1
1614,2023-04-10,1,4,2
1615,2023-07-27,1,1,3
1616,2023-01-29,3,4,1
1617,2023-02-08,5,1,2
1618,2022-11-16,2,5,4
1619,2023-01-05,4,2,2
1620,2022-10-30,5,3,2
1621,2023-05-21,4,1,3
1622,2023-04-29,1,5,5
1623,2022-12-18,1,2,2
1624,2023-07-24,5,1,3
1625,2022-08-16,5,2,2
1626,2023-01-11,3,4,5
1627,2022-08-06,4,4,1
1628,2023-04-12,4,4,2
1629,2022-09-23,1,2,4
1630,2023-02-25,4,3,2
1631,2023-06-24,2,4,1
1632,2023-03-12,5,4,4
1633,2022-12-09,4,3,2
1634,2023-01-13,2,3,1
1635,2022-12-19,4,4,2
1636,2022-10-14,4,5,2
1637,2022-10-20,4,1,2
1638,2023-05-08,2,4,5
1639,2022-10-12,1,2,1
1640,2022-12-19,2,4,1
1641,2023-03-18,5,4,4
1642,2023-04-14,3,2,2
1643,2022-08-23,5,3,4
1644,2023-04-01,3,1,1
1645,2022-09-26,5,5,5
1646,2023-01-20,2,2,1
1647,2023-02-16,4,2,5
1648,2022-12-16,4,4,5
1649,2023-07-28,3,1,2
1650,2023-03-29,5,1,3
1651,2022-11-01,4,4,4
1652,2023-06-09,1,4,4
1653,2022-12-02,2,4,5
1654,2023-06-11,2,3,3
1655,2022-09-25,3,1,2
1656,2022-09-30,1,4,5
1657,2023-07-29,1,5,1
1658,2022-08-07,2,1,2
1659,2023-07-11,4,5,5
1660,2023-06-17,5,5,1
1661,2023-02-25,5,4,4
1662,2023-05-17,2,4,5
1663,2023-03-10,4,2,4
1664,2023-02-12,2,1,1
1665,2022-08-23,4,2,3
1666,2022-08-12,3,3,4
1667,2022-10-24,1,3,5
1668,2022-10-01,2,1,3
1669,2022-09-13,3,1,2
1670,2022-08-11,2,2,2
1671,2023-07-08,5,3,5
1672,2022-10-08,1,3,4
1673,2022-08-19,3,5,5
1674,2022-10-04,1,5,5
1675,2023-01-25,4,1,4
1676,2023-03-27,2,5,1
1677,2023-03-10,5,4,5
1678,2023-06-21,2,1,1
1679,2023-08-01,5,4,3
1680,2023-03-01,5,4,5
1681,2023-05-30,2,3,4
1682,2023-04-15,5,3,4
1683,2022-12-29,2,4,4
1684,2022-12-30,2,4,3
1685,2023-01-18,1,4,2
1686,2023-02-06,2,4,2
1687,2023-08-03,3,4,5
1688,2022-11-12,1,4,5
1689,2023-04-26,5,3,5
1690,2022-11-12,3,1,5
1691,2022-11-30,3,1,2
1692,2023-06-25,2,2,1
1693,2022-12-18,3,5,1
1694,2022-08-31,3,5,3
1695,2023-05-25,3,3,3
1696,2023-05-27,4,4,1
1697,2022-10-15,1,5,2
1698,2023-03-21,3,5,4
1699,2023-04-25,2,4,3
1700,2023-05-04,5,2,4
1701,2023-04-29,5,3,2
1702,2023-01-20,4,1,2
1703,2023-02-16,1,1,4
1704,2023-04-06,4,4,3
1705,2023-04-02,4,4,1
1706,2023-06-19,3,2,5
1707,2022-10-21,5,4,3
1708,2023-01-29,4,5,4
1709,2023-05-10,5,4,2
1710,2023-07-03,1,2,3
1711,2023-05-05,5,1,4
1712,2023-05-12,3,2,3
1713,2022-10-11,4,4,5
1714,2023-02-27,1,2,3
1715,2023-04-16,2,2,5
1716,2023-01-15,2,1,1
1717,2023-03-06,4,2,5
1718,2023-07-19,5,4,5
1719,2023-03-29,2,3,1
1720,2023-07-10,4,3,2
1721,2023-06-30,5,4,4
1722,2023-03-16,2,2,4
1723,2022-09-16,5,1,5
1724,2022-09-22,4,2,2
1725,2023-04-09,2,4,5
1726,2023-06-14,3,5,3
1727,2022-12-22,4,2,4
1728,2023-08-01,1,4,2
1729,2023-02-15,1,1,2
1730,2023-07-03,2,4,4
1731,2023-06-23,1,4,1
1732,2022-10-24,1,5,4
1733,2022-10-26,4,5,3
1734,2023-04-04,4,1,4
1735,2023-05-10,4,4,5
1736,2023-04-21,3,1,3
1737,2023-03-30,4,5,2
1738,2022-11-13,4,1,2
1739,2022-10-10,2,5,1
1740,2022-09-20,5,4,4
1741,2022-08-22,3,4,2
1742,2023-05-20,5,5,3
1743,2023-04-20,4,1,5
1744,2023-05-02,2,1,4
1745,2022-11-14,4,4,3
1746,2023-06-20,4,3,4
1747,2023-03-28,1,4,4
1748,2023-02-12,3,2,4
1749,2022-08-05,1,4,5
1750,2022-11-13,1,2,5
1751,2022-08-24,4,4,1
1752,2022-12-11,2,1,2
1753,2023-05-30,5,3,3
1754,2022-12-29,5,5,1
1755,2022-10-17,4,1,1
1756,2023-06-27,2,4,4
1757,2022-08-18,5,4,5
1758,2022-08-18,5,3,5
1759,2022-09-16,5,2,4
1760,2023-03-16,5,3,2
1761,2023-02-20,3,2,1
1762,2023-03-19,3,3,5
1763,2022-08-18,4,2,4
1764,2023-03-13,2,3,5
1765,2022-12-24,5,5,2
1766,2023-05-23,1,5,2
1767,2022-08-09,4,1,1
1768,2023-02-11,3,3,3
1769,2023-02-10,4,3,5
1770,2023-02-24,1,3,5
1771,2023-06-03,3,2,1
1772,2023-01-01,3,4,5
1773,2022-11-20,5,5,2
1774,2022-12-09,1,1,2
1775,2023-05-10,4,2,3
1776,2023-01-16,3,2,3
1777,2023-02-02,1,3,1
1778,2022-11-19,3,5,4
1779,2022-08-22,5,3,4
1780,2023-06-03,2,3,2
1781,2022-09-27,2,2,4
1782,2023-07-07,3,4,1
1783,2023-04-21,5,2,4
1784,2023-02-23,2,3,1
1785,2022-08-08,4,4,5
1786,2023-06-03,4,2,1
1787,2023-02-23,2,5,3
1788,2023-08-04,2,5,1
1789,2022-10-07,4,3,1
1790,2022-10-11,4,5,4
1791,2022-09-18,4,5,3
1792,2022-09-12,2,3,5
1793,2022-09-04,1,1,2
1794,2023-05-17,4,4,2
1795,2023-06-10,5,1,4
1796,2022-11-23,3,5,2
1797,2023-05-03,3,3,5
1798,2023-01-27,3,2,4
1799,2023-04-28,2,5,3
1800,2023-02-03,4,3,5
1801,2023-06-02,3,4,3
1802,2023-05-21,4,2,5
1803,2023-01-19,1,3,1
1804,2023-04-14,3,3,5
1805,2023-07-09,3,3,1
1806,2022-08-05,1,2,5
1807,2023-02-03,1,4,4
1808,2023-04-25,5,2,4
1809,2023-04-07,5,2,1
1810,2023-07-06,5,1,4
1811,2022-09-11,2,5,1
1812,2022-12-05,4,2,5
1813,2023-06-03,3,5,3
1814,2023-04-15,3,3,1
1815,2022-10-23,1,4,5
1816,2023-04-03,4,3,1
1817,2023-02-28,3,1,5
1818,2023-06-25,3,1,3
1819,2022-12-11,3,1,1
1820,2023-03-23,5,4,3
1821,2022-11-03,1,2,1
1822,2022-08-27,5,2,2
1823,2023-05-12,4,4,3
1824,2023-03-15,3,1,1
1825,2022-10-27,1,3,3
1826,2022-09-28,3,2,5
1827,2022-09-25,1,3,5
1828,2022-11-27,3,3,2
1829,2022-08-19,2,1,2
1830,2023-07-12,1,4,1
1831,2023-03-25,2,2,2
1832,2022-08-06,1,2,4
1833,2023-01-23,4,3,2
1834,2022-12-08,4,5,1
1835,2023-04-11,5,2,2
1836,2022-10-06,1,4,3
1837,2023-01-01,1,3,3
1838,2023-07-01,2,1,1
1839,2023-04-28,3,3,3
1840,2022-08-24,5,1,4
1841,2023-03-30,3,5,3
1842,2022-12-07,1,4,4
1843,2023-07-31,1,5,4
1844,2022-12-20,2,1,4
1845,2023-06-18,1,2,5
1846,2023-06-21,5,4,1
1847,2022-11-23,5,2,3
1848,2023-04-10,2,4,5
1849,2022-09-20,2,4,4
1850,2023-05-09,3,1,2
1851,2023-03-01,1,1,4
1852,2023-05-02,3,4,1
1853,2022-08-27,4,3,5
1854,2023-07-29,1,2,5
1855,2023-01-31,3,3,3
1856,2023-03-14,2,3,3
1857,2022-08-21,1,4,1
1858,2022-10-26,2,4,1
1859,2023-02-17,4,2,5
1860,2023-03-21,1,4,3
1861,2022-09-22,1,2,4
1862,2023-03-11,5,4,4
1863,2023-07-04,5,2,2
1864,2022-12-10,3,2,1
1865,2023-01-12,1,3,4
1866,2022-10-12,3,5,2
1867,2023-05-08,1,5,2
1868,2023-02-26,5,3,3
1869,2022-08-31,1,2,3
1870,2022-09-13,2,5,3
1871,2022-12-12,1,4,3
1872,2023-04-17,1,2,5
1873,2022-08-14,5,2,3
1874,2023-05-04,2,4,4
1875,2023-08-05,3,1,4
1876,2023-01-09,4,2,1
1877,2022-09-08,2,3,2
1878,2023-01-13,5,3,3
1879,2023-08-05,2,3,4
1880,2023-04-13,5,1,2
1881,2022-09-18,3,5,3
1882,2023-07-07,1,4,2
1883,2022-10-09,3,4,2
1884,2023-04-14,1,3,3
1885,2022-09-14,1,2,4
1886,2023-01-18,3,2,5
1887,2023-05-07,2,3,3
1888,2023-07-23,1,5,1
1889,2022-10-06,5,4,4
1890,2023-05-12,1,3,2
1891,2022-12-22,2,5,2
1892,2023-01-11,3,3,3
1893,2023-06-08,2,3,4
1894,2023-06-01,3,1,5
1895,2022-10-18,4,5,2
1896,2023-01-17,1,1,3
1897,2022-09-05,2,4,5
1898,2023-07-18,4,5,5
1899,2023-06-28,2,4,5
1900,2023-07-02,2,2,5
1901,2023-06-22,4,1,5
1902,2023-07-27,2,5,3
1903,2022-12-17,5,5,2
1904,2022-12-09,5,1,4
1905,2023-04-15,5,2,1
1906,2022-12-28,1,4,5
1907,2023-01-18,2,4,5
1908,2023-01-26,4,2,5
1909,2022-11-23,3,5,2
1910,2022-11-05,1,4,1
1911,2023-04-08,3,4,3
1912,2023-04-02,2,5,1
1913,2023-01-21,5,4,2
1914,2023-02-23,4,4,5
1915,2023-07-11,2,3,5
1916,2022-12-25,3,4,3
1917,2022-10-31,5,2,3
1918,2022-10-01,3,5,5
1919,2023-05-22,2,3,3
1920,2022-09-23,2,5,3
1921,2023-02-01,3,2,5
1922,2023-04-29,1,1,3
1923,2023-07-29,3,4,4
1924,2022-09-05,3,5,1
1925,2023-04-21,1,5,3
1926,2022-08-20,3,4,2
1927,2022-12-13,3,2,1
1928,2022-08-24,4,5,5
1929,2022-12-09,4,1,3
1930,2022-12-27,3,3,4
1931,2023-04-16,2,3,4
1932,2023-01-17,5,5,2
1933,2023-05-24,2,4,5
1934,2022-08-25,2,5,2
1935,2023-04-20,5,1,4
1936,2022-10-11,3,3,5
1937,2022-08-11,4,5,4
1938,2022-09-15,1,4,3
1939,2023-06-13,4,5,3
1940,2022-08-20,3,4,5
1941,2022-09-16,3,5,4
1942,2022-11-08,2,4,2
1943,2022-09-22,5,5,4
1944,2022-12-12,1,4,1
1945,2023-02-10,1,3,4
1946,2023-01-05,3,5,1
1947,2023-06-28,1,3,3
1948,2023-03-16,2,1,5
1949,2022-09-07,5,3,4
1950,2022-09-17,3,2,1
1951,2023-04-20,4,1,3
1952,2023-06-09,2,5,2
1953,2023-04-07,4,5,4
1954,2023-03-16,1,1,5
1955,2022-08-27,2,3,4
1956,2023-01-23,1,5,4
1957,2023-03-17,5,2,2
1958,2022-10-05,4,2,5
1959,2023-01-04,5,3,4
1960,2023-01-06,3,4,1
1961,2022-12-21,2,3,1
1962,2022-09-05,2,4,1
1963,2022-08-23,2,5,3
1964,2022-11-21,5,5,5
1965,2023-02-15,3,1,1
1966,2022-10-29,4,3,2
1967,2023-02-26,4,2,4
1968,2022-12-27,1,4,2
1969,2023-04-20,4,3,3
1970,2023-03-06,5,4,4
1971,2023-05-27,3,2,1
1972,2023-03-15,2,2,3
1973,2022-08-30,4,2,3
1974,2023-01-17,4,1,3
1975,2023-03-24,4,4,3
1976,2023-04-25,1,5,1
1977,2023-03-18,2,5,4
1978,2023-06-08,3,5,1
1979,2023-07-17,1,4,5
1980,2023-05-17,5,4,5
1981,2023-03-23,5,4,3
1982,2023-06-24,3,5,5
1983,2022-08-16,2,5,1
1984,2022-08-07,5,2,2
1985,2023-03-04,5,5,2
1986,2022-09-17,1,4,2
1987,2023-07-18,5,1,3
1988,2023-02-10,1,3,5
1989,2023-05-04,4,2,5
1990,2022-08-31,3,1,1
1991,2023-01-26,2,1,3
1992,2023-02-06,4,3,3
1993,2022-12-10,5,2,4
1994,2022-10-04,5,5,1
1995,2023-04-23,4,3,1
1996,2023-08-01,3,5,2
1997,2023-02-16,3,3,2
1998,2022-09-07,2,4,3
1999,2023-07-12,3,2,2
2000,2022-10-25,1,3,3
2001,2023-02-09,5,3,5
2002,2023-03-11,1,4,2
2003,2023-06-19,5,5,1
2004,2023-05-05,3,3,4
2005,2022-11-04,2,1,2
2006,2022-10-21,5,5,2
2007,2023-07-28,4,1,5
2008,2023-03-17,1,2,2
2009,2023-02-27,5,2,2
2010,2023-02-17,4,4,4
2011,2023-01-27,3,2,2
2012,2023-07-26,2,3,2
2013,2023-03-07,4,5,4
2014,2022-08-07,2,5,4
2015,2022-08-13,4,3,1
2016,2023-05-31,1,3,5
2017,2023-07-11,2,5,4
2018,2022-10-31,5,2,1
2019,2023-03-21,2,1,4
2020,2022-11-28,2,1,4
2021,2022-08-28,1,3,4
2022,2022-11-11,5,3,5
2023,2022-10-10,3,4,4
2024,2022-10-25,2,1,5
2025,2023-05-02,1,2,4
2026,2023-03-22,2,4,4
2027,2023-06-15,3,1,3
2028,2022-10-01,4,4,4
2029,2022-09-30,2,5,1
2030,2023-04-07,4,1,5
2031,2023-02-09,1,3,1
2032,2023-07-02,5,2,4
2033,2022-10-10,4,1,5
2034,2023-01-30,2,4,1
2035,2023-01-11,4,2,3
2036,2023-03-18,4,3,4
2037,2023-01-28,2,5,4
2038,2023-02-18,5,3,2
2039,2022-10-06,5,2,2
2040,2023-04-23,1,2,5
2041,2023-06-19,1,1,5
2042,2023-06-24,5,2,1
2043,2023-06-07,1,3,3
2044,2022-11-14,5,1,5
2045,2023-06-05,3,1,4
2046,2023-03-03,2,2,4
2047,2022-08-24,3,5,3
2048,2022-11-25,2,5,4
2049,2023-06-06,3,1,3
2050,2023-04-03,5,4,5
2051,2022-08-12,5,2,4
2052,2023-07-06,1,4,4
2053,2023-06-23,5,3,1
2054,2023-02-04,4,5,3
2055,2022-10-28,5,4,2
2056,2023-07-12,3,4,1
2057,2023-05-06,4,1,3
2058,2023-05-29,5,5,4
2059,2023-05-09,4,4,5
2060,2023-06-26,5,5,5
2061,2023-05-26,2,4,3
2062,2022-09-05,4,1,2
2063,2023-04-06,4,5,3
2064,2023-03-13,1,3,5
2065,2023-01-13,5,4,4
2066,2022-10-08,1,5,1
2067,2023-03-14,5,2,1
2068,2022-08-22,4,3,5
2069,2023-07-22,3,1,5
2070,2023-02-23,3,4,5
2071,2022-09-15,2,1,5
2072,2022-09-21,5,4,1
2073,2023-02-12,1,2,2
2074,2023-07-05,3,2,4
2075,2023-02-27,4,5,2
2076,2023-01-07,5,5,1
2077,2023-07-26,4,1,1
2078,2022-10-21,5,5,2
2079,2023-03-03,4,2,3
2080,2023-02-12,4,1,4
2081,2023-02-21,1,1,4
2082,2023-01-01,4,2,4
2083,2023-06-26,2,2,4
2084,2023-05-26,3,2,2
2085,2022-10-13,3,4,4
2086,2022-08-05,5,4,3
2087,2022-11-14,4,4,1
2088,2022-12-21,2,1,2
2089,2023-06-16,5,3,3
2090,2023-07-23,3,4,3
2091,2023-02-21,3,1,1
2092,2023-07-24,1,2,3
2093,2023-02-01,2,3,1
2094,2022-08-25,2,5,5
2095,2023-07-21,5,3,1
2096,2023-05-28,3,4,4
2097,2022-08-30,2,1,4
2098,2023-02-01,2,4,1
2099,2023-03-26,1,4,5
2100,2023-01-09,1,1,1
2101,2023-01-10,4,4,2
2102,2023-07-16,1,1,3
2103,2023-02-16,1,4,5
2104,2023-06-10,1,4,3
2105,2023-07-24,3,4,2
2106,2022-10-28,5,5,1
2107,2022-11-25,4,1,1
2108,2023-04-10,1,2,4
2109,2023-04-04,3,3,5
2110,2022-11-13,1,4,2
2111,2023-04-26,2,3,1
2112,2023-02-01,4,3,1
2113,2022-08-31,5,1,5
2114,2023-02-08,5,4,1
2115,2023-01-25,5,2,1
2116,2023-05-11,1,4,2
2117,2022-11-16,2,3,2
2118,2023-03-20,3,2,4
2119,2023-05-27,1,2,3
2120,2022-09-05,4,4,1
2121,2023-01-29,4,1,3
2122,2023-01-25,3,3,2
2123,2022-10-29,3,5,3
2124,2023-04-21,4,1,5
2125,2022-09-23,4,5,3
2126,2023-04-14,3,4,4
2127,2023-08-01,2,2,3
2128,2023-04-01,1,3,1
2129,2022-09-30,5,5,2
2130,2023-03-30,3,5,2
2131,2022-12-28,1,2,1
2132,2022-12-15,2,3,3
2133,2023-03-02,2,3,2
2134,2023-02-27,4,2,5
2135,2023-08-02,2,2,4
2136,2023-02-18,2,2,2
2137,2022-10-14,1,3,3
2138,2022-08-22,1,5,2
2139,2023-05-05,1,4,4
2140,2023-05-11,4,5,4
2141,2022-11-14,2,3,3
2142,2023-05-06,2,5,1
2143,2022-12-14,2,1,1
2144,2023-06-09,2,5,4
2145,2023-05-19,3,3,5
2146,2023-02-24,3,1,1
2147,2022-11-03,2,1,2
2148,2023-06-12,1,1,2
2149,2023-05-21,5,3,5
2150,2022-11-26,2,1,1
2151,2023-04-11,4,4,4
2152,2023-03-30,3,1,4
2153,2023-01-19,3,5,3
2154,2023-05-18,1,3,2
2155,2023-03-13,1,2,4
2156,2023-03-03,5,1,3
2157,2022-12-10,4,2,5
2158,2023-01-04,2,4,3
2159,2022-09-20,1,1,1
2160,2023-01-20,1,1,5
2161,2023-05-27,1,4,3
2162,2023-02-17,3,5,4
2163,2023-01-12,5,5,4
2164,2022-12-09,3,1,3
2165,2022-10-28,5,3,3
2166,2023-01-16,2,2,1
2167,2022-09-03,2,4,2
2168,2023-01-08,5,1,4
2169,2023-04-18,5,2,4
2170,2023-01-30,1,5,2
2171,2023-03-16,1,3,2
2172,2023-03-17,2,4,1
2173,2023-02-13,1,4,3
2174,2022-12-25,1,1,5
2175,2023-03-16,1,3,3
2176,2023-04-29,2,1,1
2177,2022-10-17,4,2,1
2178,2022-09-11,4,1,5
2179,2023-06-16,1,3,1
2180,2023-05-29,4,4,4
2181,2023-02-04,2,1,4
2182,2023-04-12,1,1,2
2183,2022-12-13,4,4,2
2184,2023-03-09,2,4,4
2185,2022-11-07,4,5,5
2186,2022-09-17,4,1,1
2187,2023-01-14,2,1,5
2188,2023-01-25,5,4,2
2189,2022-08-19,1,2,4
2190,2023-03-31,5,2,3
2191,2023-04-11,2,2,3
2192,2022-12-26,5,3,4
2193,2023-07-10,2,2,3
2194,2022-10-02,1,4,1
2195,2022-11-30,1,5,1
2196,2023-08-01,5,2,3
2197,2023-04-15,2,3,1
2198,2023-07-13,2,4,2
2199,2023-06-03,4,3,4
2200,2022-12-16,3,1,5
2201,2023-06-24,5,1,5
2202,2023-06-24,5,4,5
2203,2022-08-29,1,4,1
2204,2022-10-01,5,2,3
2205,2022-09-05,2,3,5
2206,2022-08-24,2,4,3
2207,2023-03-29,3,3,1
2208,2023-03-07,5,3,3
2209,2023-04-01,2,2,5
2210,2023-01-09,1,5,3
2211,2023-02-01,1,5,3
2212,2023-07-26,4,1,5
2213,2023-05-05,1,4,2
2214,2023-02-26,1,1,5
2215,2023-04-24,1,5,5
2216,2023-04-13,4,5,2
2217,2022-10-05,2,1,2
2218,2022-10-10,4,1,5
2219,2023-03-29,5,2,2
2220,2023-03-02,3,3,5
2221,2023-04-28,1,5,1
2222,2022-09-14,2,3,5
2223,2023-05-23,1,1,4
2224,2023-02-02,2,1,3
2225,2022-08-21,1,2,2
2226,2023-01-28,4,4,5
2227,2022-09-18,2,3,4
2228,2023-01-20,3,2,2
2229,2023-04-22,3,1,1
2230,2023-06-09,1,5,5
2231,2023-01-04,1,2,2
2232,2022-11-19,4,5,2
2233,2022-10-03,5,1,1
2234,2022-08-23,1,1,4
2235,2022-09-10,3,5,3
2236,2022-12-29,2,1,2
2237,2023-06-08,2,5,2
2238,2023-03-28,4,4,3
2239,2022-12-31,1,3,4
2240,2022-08-22,2,4,5
2241,2023-01-30,4,4,4
2242,2023-02-26,3,2,4
2243,2023-06-26,1,3,5
2244,2023-03-01,4,2,1
2245,2023-07-08,2,4,4
2246,2023-03-20,3,4,5
2247,2023-02-16,3,4,4
2248,2023-05-24,1,5,5
2249,2023-05-29,3,5,5
2250,2023-05-29,4,2,1
2251,2022-09-18,4,4,4
2252,2022-09-28,1,3,3
2253,2023-06-26,5,1,2
2254,2022-12-14,3,2,5
2255,2023-05-12,1,4,4
2256,2023-07-14,5,5,4
2257,2023-07-25,4,3,5
2258,2023-04-03,2,5,4
2259,2023-01-09,1,2,5
2260,2023-08-05,3,1,4
2261,2022-11-17,2,1,5
2262,2023-04-27,4,4,3
2263,2022-11-28,3,1,4
2264,2022-11-08,1,2,3
2265,2023-03-08,2,4,2
2266,2023-04-27,5,3,2
2267,2023-03-09,1,3,3
2268,2023-07-03,2,3,2
2269,2023-02-14,5,5,1
2270,2023-03-18,4,4,3
2271,2023-03-21,5,4,4
2272,2022-08-05,5,5,3
2273,2022-10-26,5,2,3
2274,2022-08-13,2,5,1
2275,2022-10-24,5,4,3
2276,2022-09-16,5,2,2
2277,2022-11-25,3,4,4
2278,2022-08-21,5,4,2
2279,2023-05-28,2,5,1
2280,2023-02-23,4,2,5
2281,2022-09-24,1,4,2
2282,2022-11-02,1,5,3
2283,2022-10-20,4,2,1
2284,2022-10-11,1,4,4
2285,2023-05-22,4,3,3
2286,2023-01-20,4,4,4
2287,2022-11-11,4,4,2
2288,2023-07-09,5,1,4
2289,2023-03-12,2,5,3
2290,2023-04-14,4,1,3
2291,2022-08-20,3,4,1
2292,2022-11-15,5,1,1
2293,2023-06-19,5,3,1
2294,2022-08-30,4,4,4
2295,2022-11-26,3,5,4
2296,2023-06-15,4,4,5
2297,2022-09-14,5,4,1
2298,2022-11-04,3,2,1
2299,2022-08-18,2,1,2
2300,2022-10-08,5,1,2
2301,2023-07-26,3,1,4
2302,2023-04-12,2,5,3
2303,2023-02-01,5,5,1
2304,2023-06-29,5,1,2
2305,2023-05-26,4,5,5
2306,2023-04-25,3,4,3
2307,2023-07-22,5,2,3
2308,2023-03-11,1,2,3
2309,2023-01-03,2,5,5
2310,2022-10-04,4,1,3
2311,2023-03-15,5,3,2
2312,2023-04-02,1,4,3
2313,2023-04-04,5,2,3
2314,2023-06-23,4,1,3
2315,2022-08-10,4,3,2
2316,2022-09-06,4,2,5
2317,2023-02-07,2,2,1
2318,2022-12-20,2,1,5
2319,2023-03-29,5,4,3
2320,2023-02-12,5,1,3
2321,2022-11-07,4,2,5
2322,2022-08-20,4,3,4
2323,2022-11-21,2,1,3
2324,2023-06-24,1,2,4
2325,2022-12-27,4,4,1
2326,2023-04-19,3,1,4
2327,2023-03-29,4,1,2
2328,2022-09-02,1,4,3
2329,2022-09-02,2,3,1
2330,2022-09-11,3,4,5
2331,2022-12-11,2,5,3
2332,2022-11-02,1,1,1
2333,2023-04-19,5,4,2
2334,2022-12-01,3,3,5
2335,2023-03-24,1,5,5
2336,2022-08-10,5,1,5
2337,2023-07-09,1,4,3
2338,2022-09-09,2,3,5
2339,2023-03-22,3,1,5
2340,2023-05-23,4,5,3
2341,2022-10-14,1,5,2
2342,2023-07-24,1,4,3
2343,2022-11-22,1,3,4
2344,2023-02-08,2,5,5
2345,2023-01-14,2,1,5
2346,2023-02-06,5,3,1
2347,2023-01-09,2,3,2
2348,2022-10-12,4,4,2
2349,2022-11-05,5,5,1
2350,2022-08-24,1,4,5
2351,2023-02-21,3,3,5
2352,2023-07-11,2,3,3
2353,2022-10-17,2,4,3
2354,2023-06-10,5,1,1
2355,2022-11-15,1,1,4
2356,2023-03-07,4,1,1
2357,2022-11-12,1,2,3
2358,2022-09-07,5,3,3
2359,2023-07-08,4,4,3
2360,2023-02-07,4,4,3
2361,2023-02-12,4,4,2
2362,2023-01-21,5,4,5
2363,2023-07-16,2,5,1
2364,2023-02-02,4,2,4
2365,2022-09-07,1,1,1
2366,2023-04-30,4,2,5
2367,2022-10-26,3,2,5
2368,2022-11-06,5,2,1
2369,2023-02-18,5,2,4
2370,2022-10-03,1,2,4
2371,2023-01-10,2,1,5
2372,2023-08-02,3,4,5
2373,2023-07-21,3,5,5
2374,2023-01-16,1,2,1
2375,2022-08-14,2,4,2
2376,2022-12-07,5,2,4
2377,2022-12-31,1,2,1
2378,2023-07-04,2,5,3
2379,2023-07-01,2,5,1
2380,2022-10-25,2,1,3
2381,2023-02-15,2,3,3
2382,2022-11-19,4,3,4
2383,2022-11-21,5,3,5
2384,2022-09-03,2,2,2
2385,2023-01-15,2,1,3
2386,2022-12-16,1,4,3
2387,2023-01-06,1,2,5
2388,2023-06-06,5,2,4
2389,2023-06-06,1,4,2
2390,2022-10-18,1,5,4
2391,2023-06-22,3,3,3
2392,2023-06-19,4,3,2
2393,2023-05-12,3,2,2
2394,2022-11-18,4,1,1
2395,2023-02-23,1,1,4
2396,2022-12-14,3,4,2
2397,2022-09-08,2,5,2
2398,2023-01-07,4,3,3
2399,2022-11-29,1,4,2
2400,2023-03-28,4,4,3
2401,2022-12-23,1,1,3
2402,2022-10-29,3,2,2
2403,2022-11-07,3,3,3
2404,2023-05-01,3,3,1
2405,2023-07-25,4,1,2
2406,2023-02-24,1,4,4
2407,2022-09-23,3,5,5
2408,2022-08-26,2,5,5
2409,2023-01-11,3,3,3
2410,2023-05-03,4,4,1
2411,2023-01-23,2,3,3
2412,2023-04-10,5,4,5
2413,2022-11-08,4,2,2
2414,2022-09-05,1,1,5
2415,2023-02-08,1,2,5
2416,2022-11-01,4,5,1
2417,2022-09-17,2,3,4
2418,2023-03-08,3,2,5
2419,2022-12-22,2,2,1
2420,2023-05-07,4,3,1
2421,2023-04-03,1,3,5
2422,2022-10-18,5,4,5
2423,2023-04-06,3,3,5
2424,2023-02-25,2,1,4
2425,2023-03-28,2,2,2
2426,2022-10-21,5,5,3
2427,2023-04-14,2,2,1
2428,2022-11-30,2,5,5
2429,2022-11-06,3,4,2
2430,2022-09-22,2,1,1
2431,2022-10-31,4,2,5
2432,2023-07-30,1,1,2
2433,2022-08-05,1,5,3
2434,2022-08-14,5,2,5
2435,2023-01-29,1,3,2
2436,2022-11-04,1,3,3
2437,2022-10-17,3,5,2
2438,2022-11-09,4,1,4
2439,2022-08-15,4,3,5
2440,2023-03-08,2,5,2
2441,2022-10-17,2,4,2
2442,2023-01-26,2,1,5
2443,2022-08-17,4,3,5
2444,2023-08-05,1,1,5
2445,2022-11-20,3,4,5
2446,2023-06-09,1,2,5
2447,2023-02-01,5,3,4
2448,2023-04-14,2,2,5
2449,2023-01-28,4,5,3
2450,2023-01-21,5,3,2
2451,2023-03-17,5,3,1
2452,2022-09-02,3,3,1
2453,2022-12-23,3,3,3
2454,2022-09-24,1,4,3
2455,2023-06-11,3,3,1
2456,2022-09-22,4,5,3
2457,2023-04-27,3,2,3
2458,2022-09-19,5,3,1
2459,2022-10-14,5,5,5
2460,2023-03-24,3,4,2
2461,2022-12-03,3,2,4
2462,2023-05-09,4,1,2
2463,2022-12-04,3,5,5
2464,2023-02-18,2,3,2
2465,2023-01-06,3,3,1
2466,2022-09-14,2,4,1
2467,2022-08-14,1,1,4
2468,2023-03-23,5,4,3
2469,2023-04-13,2,1,5
2470,2022-10-21,5,5,2
2471,2023-01-23,5,5,3
2472,2023-06-22,5,2,3
2473,2022-09-16,4,4,3
2474,2023-06-12,4,5,2
2475,2023-05-18,1,4,1
2476,2023-03-18,3,5,5
2477,2023-01-09,4,4,3
2478,2023-01-30,4,4,1
2479,2022-10-31,2,1,2
2480,2023-02-12,3,2,3
2481,2022-08-07,2,5,1
2482,2023-01-19,4,2,5
2483,2023-03-08,5,1,3
2484,2023-06-01,1,2,2
2485,2023-05-14,3,5,5
2486,2022-12-31,1,1,5
2487,2023-05-06,1,1,4
2488,2023-01-10,2,4,5
2489,2022-09-22,1,3,2
2490,2023-01-25,2,2,4
2491,2023-02-23,4,5,2
2492,2023-01-02,3,2,5
2493,2023-01-23,1,3,1
2494,2022-11-06,1,1,1
2495,2023-01-10,5,1,2
2496,2022-12-15,2,3,3
2497,2022-10-27,5,2,5
2498,2023-07-05,5,3,5
2499,2023-05-01,5,5,3
2500,2023-07-01,1,3,5
2501,2023-01-21,1,5,3
2502,2023-07-21,3,3,5
2503,2022-12-06,1,1,1
2504,2022-10-22,1,5,3
2505,2022-10-30,3,2,3
2506,2022-09-04,3,3,2
2507,2023-07-31,2,3,4
2508,2023-07-01,1,4,1
2509,2023-03-10,1,2,3
2510,2022-09-10,2,2,2
2511,2023-06-24,4,3,1
2512,2022-09-02,1,4,2
2513,2023-03-28,5,2,4
2514,2023-06-10,5,2,2
2515,2023-03-28,1,1,1
2516,2023-05-15,5,1,5
2517,2023-07-05,5,5,1
2518,2022-12-28,4,2,1
2519,2022-09-03,3,5,5
2520,2023-02-06,2,1,1
2521,2023-06-07,4,4,4
2522,2022-08-13,3,3,2
2523,2023-02-17,1,1,3
2524,2023-07-10,3,3,4
2525,2023-07-23,2,5,1
2526,2022-10-22,1,1,1
2527,2022-10-28,3,4,5
2528,2023-07-10,2,4,2
2529,2022-12-08,4,5,1
2530,2023-07-18,4,1,1
2531,2022-08-28,2,5,4
2532,2023-03-26,1,1,4
2533,2022-08-20,1,1,3
2534,2022-10-15,2,2,5
2535,2022-08-06,2,5,2
2536,2022-12-16,2,1,2
2537,2023-07-26,4,5,4
2538,2022-10-02,5,4,5
2539,2022-12-08,4,2,3
2540,2023-04-16,3,4,4
2541,2023-07-22,3,4,3
2542,2022-09-21,2,1,3
2543,2023-07-06,3,4,3
2544,2023-07-07,2,3,2
2545,2023-02-12,3,2,3
2546,2022-11-06,4,4,5
2547,2023-05-26,2,5,1
2548,2022-08-07,2,5,3
2549,2023-01-18,4,3,5
2550,2023-01-01,3,1,1
2551,2022-09-03,4,2,2
2552,2022-10-19,3,2,3
2553,2022-10-16,2,2,2
2554,2022-12-29,5,1,4
2555,2023-05-14,5,1,4
2556,2023-02-01,4,1,3
2557,2022-09-04,1,3,1
2558,2022-12-15,2,4,5
2559,2023-07-10,3,5,3
2560,2022-10-19,5,1,5
2561,2023-04-15,3,5,4
2562,2023-04-17,1,4,3
2563,2022-09-24,2,2,4
2564,2022-12-11,1,4,4
2565,2022-08-17,2,5,4
2566,2023-05-19,3,2,2
2567,2022-08-17,4,3,5
2568,2023-06-22,3,5,2
2569,2023-05-28,3,4,3
2570,2023-04-15,3,3,1
2571,2023-06-19,3,3,5
2572,2022-10-19,1,1,2
2573,2023-04-24,1,4,3
2574,2023-03-20,3,1,4
2575,2023-05-26,4,3,4
2576,2022-11-19,2,4,1
2577,2022-09-18,5,2,4
2578,2023-06-17,4,5,3
2579,2023-08-05,3,4,4
2580,2022-10-28,1,2,4
2581,2023-02-20,2,3,4
2582,2022-09-20,3,2,5
2583,2023-05-20,5,5,3
2584,2023-07-20,4,4,5
2585,2023-05-03,5,1,4
2586,2022-11-04,2,4,2
2587,2022-11-24,4,4,4
2588,2022-12-12,5,1,5
2589,2022-11-25,2,5,1
2590,2022-08-28,1,1,4
2591,2023-07-28,4,5,5
2592,2023-06-27,5,1,2
2593,2023-04-04,3,1,2
2594,2022-12-04,1,5,3
2595,2022-12-18,3,5,4
2596,2023-06-06,4,1,2
2597,2023-05-08,4,5,4
2598,2023-05-21,5,3,2
2599,2023-03-31,1,4,2
2600,2022-09-28,5,2,4
2601,2022-10-06,3,5,5
2602,2023-02-10,5,5,2
2603,2022-12-04,4,1,4
2604,2023-01-23,1,1,2
2605,2023-02-25,3,4,3
2606,2022-12-23,1,5,1
2607,2023-02-26,3,1,2
2608,2022-08-07,1,4,5
2609,2023-04-29,3,3,4
2610,2022-11-04,5,1,2
2611,2023-06-25,5,3,1
2612,2023-03-26,2,2,5
2613,2023-03-04,2,1,2
2614,2022-11-19,5,1,1
2615,2022-12-05,5,1,3
2616,2022-09-12,3,1,3
2617,2022-12-23,4,4,2
2618,2023-08-01,5,3,3
2619,2023-03-21,1,2,1
2620,2023-02-04,4,3,4
2621,2023-01-02,3,5,4
2622,2022-10-06,3,5,1
2623,2022-11-10,2,5,3
2624,2023-01-24,1,4,3
2625,2022-10-11,5,5,3
2626,2022-10-23,1,4,2
2627,2022-08-15,5,3,3
2628,2022-12-06,5,4,2
2629,2022-10-24,1,5,4
2630,2022-09-04,1,5,4
2631,2023-01-08,5,1,4
2632,2023-07-07,1,4,2
2633,2023-07-01,5,2,3
2634,2022-12-12,3,5,3
2635,2023-06-21,3,1,3
2636,2022-12-20,5,3,3
2637,2023-06-27,2,2,2
2638,2023-04-28,1,2,2
2639,2023-01-31,1,3,3
2640,2023-07-17,1,5,2
2641,2022-11-25,2,3,5
2642,2022-12-09,2,3,1
2643,2023-05-01,4,3,5
2644,2022-11-22,4,1,2
2645,2022-10-25,4,3,5
2646,2022-12-14,4,2,2
2647,2022-08-23,5,5,3
2648,2023-04-22,4,2,1
2649,2022-12-26,4,4,1
2650,2023-03-24,1,1,1
2651,2023-05-31,1,3,2
2652,2022-11-11,1,4,2
2653,2023-02-23,4,5,3
2654,2023-03-07,4,1,3
2655,2022-08-29,2,5,5
2656,2023-03-15,5,4,3
2657,2023-03-04,4,3,3
2658,2022-10-22,3,1,1
2659,2023-05-22,5,3,2
2660,2022-08-23,5,1,1
2661,2023-02-25,3,3,2
2662,2023-07-08,4,1,1
2663,2022-08-07,3,4,1
2664,2023-06-13,5,2,2
2665,2022-10-05,1,5,5
2666,2023-05-24,5,5,3
2667,2022-12-28,3,2,3
2668,2023-04-28,4,4,1
2669,2023-04-27,4,2,1
2670,2023-06-26,4,2,1
2671,2023-02-12,1,2,5
2672,2023-06-04,5,2,2
2673,2022-10-13,5,1,1
2674,2022-11-06,1,1,4
2675,2023-01-30,2,4,4
2676,2022-10-16,4,3,4
2677,2022-11-29,2,1,5
2678,2023-07-18,5,3,3
2679,2023-02-02,4,4,1
2680,2022-08-31,1,4,4
2681,2023-07-22,3,3,3
2682,2022-11-02,1,2,2
2683,2022-12-23,3,4,2
2684,2022-09-14,3,4,2
2685,2023-07-09,3,1,1
2686,2023-01-23,5,3,4
2687,2023-02-20,4,5,5
2688,2022-11-21,2,3,3
2689,2022-10-06,2,1,1
2690,2022-10-29,1,3,2
2691,2022-12-21,4,1,1
2692,2023-05-04,4,5,2
2693,2022-11-06,2,5,2
2694,2022-12-29,3,4,4
2695,2022-12-04,5,2,3
2696,2023-05-13,3,1,3
2697,2023-05-30,1,5,3
2698,2023-05-24,5,4,5
2699,2022-12-07,1,1,5
2700,2023-01-17,3,5,1
2701,2023-07-20,5,5,3
2702,2023-04-12,5,1,2
2703,2023-05-27,1,5,4
2704,2022-09-14,2,4,4
2705,2023-07-08,3,2,2
2706,2022-12-18,3,2,5
2707,2023-01-28,1,2,1
2708,2023-01-15,1,3,5
2709,2022-08-28,1,2,2
2710,2022-08-12,4,2,3
2711,2023-02-07,4,2,5
2712,2023-06-24,3,2,5
2713,2022-12-22,5,2,4
2714,2022-10-20,3,1,3
2715,2023-01-11,3,5,1
2716,2022-09-28,3,2,2
2717,2023-07-25,1,1,2
2718,2023-06-01,3,5,5
2719,2022-11-09,5,5,5
2720,2022-12-12,3,3,2
2721,2023-03-26,1,4,3
2722,2022-12-18,3,4,2
2723,2023-01-31,3,1,5
2724,2023-01-01,5,3,4
2725,2023-01-30,4,1,5
2726,2023-07-29,2,4,2
2727,2023-06-17,1,3,3
2728,2022-12-03,3,2,1
2729,2023-02-24,3,5,1
2730,2022-09-16,2,3,4
2731,2023-04-26,2,3,2
2732,2022-11-04,1,5,3
2733,2023-04-03,3,4,1
2734,2023-05-14,2,2,3
2735,2023-06-02,5,1,2
2736,2022-11-26,4,2,2
2737,2022-09-20,5,5,3
2738,2023-03-16,4,3,1
2739,2023-06-26,1,2,5
2740,2023-06-06,2,5,1
2741,2022-10-09,4,3,1
2742,2022-11-25,5,3,4
2743,2022-08-31,3,2,5
2744,2023-06-25,2,4,2
2745,2023-01-13,1,2,2
2746,2023-07-13,4,4,5
2747,2023-05-13,3,1,5
2748,2023-08-04,5,2,5
2749,2023-06-24,5,3,4
2750,2023-07-11,3,4,4
2751,2022-12-27,3,1,2
2752,2023-05-07,3,5,1
2753,2023-05-05,3,1,4
2754,2023-02-14,1,5,1
2755,2022-12-15,5,5,4
2756,2022-10-30,1,3,1
2757,2023-04-30,3,4,2
2758,2023-02-15,1,3,1
2759,2022-11-06,3,1,3
2760,2022-09-26,2,1,4
2761,2023-02-15,1,4,3
2762,2023-01-08,3,1,2
2763,2022-08-05,4,2,4
2764,2022-10-22,2,4,3
2765,2023-01-05,3,1,3
2766,2022-09-22,3,5,5
2767,2022-12-14,3,3,4
2768,2022-08-20,2,1,5
2769,2022-08-07,3,1,3
2770,2023-02-25,1,2,3
2771,2023-01-28,2,4,2
2772,2023-04-25,2,4,5
2773,2023-05-29,2,5,4
2774,2023-05-28,1,5,3
2775,2023-08-04,1,4,3
2776,2022-12-26,5,3,5
2777,2023-08-02,5,1,3
2778,2023-02-19,1,1,4
2779,2022-08-28,4,1,1
2780,2022-08-29,3,5,2
2781,2023-02-12,1,2,2
2782,2022-10-07,3,5,3
2783,2023-01-06,3,1,1
2784,2023-01-09,4,3,4
2785,2022-08-15,3,1,5
2786,2022-12-07,4,3,1
2787,2023-04-10,4,2,5
2788,2023-05-29,4,1,3
2789,2022-12-03,1,2,2
2790,2023-01-03,1,5,2
2791,2023-01-19,1,3,1
2792,2022-09-09,3,4,4
2793,2023-03-27,2,5,3
2794,2022-09-03,5,4,4
2795,2023-06-06,5,1,1
2796,2023-08-05,2,4,2
2797,2022-08-05,2,1,2
2798,2023-05-29,3,4,2
2799,2023-02-01,2,1,1
2800,2023-06-20,1,2,2
2801,2022-09-20,1,3,4
2802,2023-07-01,2,3,5
2803,2022-11-04,4,4,5
2804,2022-12-05,5,4,2
2805,2023-05-19,5,3,2
2806,2023-04-14,1,3,1
2807,2023-01-13,3,2,4
2808,2023-03-13,5,2,4
2809,2023-02-13,1,1,5
2810,2023-07-13,2,5,5
2811,2023-04-13,3,4,3
2812,2022-08-14,3,2,5
2813,2022-08-28,4,4,2
2814,2023-07-13,4,1,1
2815,2022-09-22,2,5,3
2816,2023-07-13,4,2,4
2817,2022-08-12,4,1,5
2818,2023-06-21,4,3,3
2819,2022-12-31,2,3,4
2820,2022-10-16,2,1,5
2821,2023-04-12,2,5,5
2822,2023-05-24,2,3,3
2823,2023-01-23,5,2,1
2824,2022-09-09,1,4,1
2825,2023-02-22,5,4,4
2826,2023-06-29,4,3,4
2827,2022-08-30,4,4,5
2828,2023-02-26,5,5,3
2829,2023-02-07,2,5,3
2830,2022-12-09,1,2,2
2831,2023-07-13,5,1,4
2832,2022-11-14,4,5,5
2833,2022-09-02,2,5,2
2834,2023-04-30,5,3,3
2835,2023-03-30,4,5,3
2836,2022-08-13,5,4,1
2837,2022-08-08,4,1,4
2838,2023-07-03,4,4,2
2839,2022-10-23,1,4,5
2840,2023-05-07,3,2,3
2841,2022-10-10,2,2,2
2842,2022-11-10,2,1,5
2843,2022-10-03,5,1,4
2844,2023-07-14,2,5,2
2845,2022-11-14,3,4,2
2846,2023-04-05,1,1,4
2847,2022-12-01,1,2,2
2848,2022-08-11,2,1,1
2849,2023-02-09,5,1,1
2850,2023-03-31,4,1,4
2851,2022-10-16,4,3,3
2852,2023-02-02,2,1,2
2853,2023-07-31,5,1,1
2854,2023-03-05,1,3,4
2855,2023-03-27,3,5,5
2856,2023-01-23,4,5,2
2857,2022-12-24,5,2,5
2858,2023-07-12,1,2,5
2859,2022-08-19,1,3,3
2860,2023-01-31,2,1,4
2861,2023-07-21,2,4,5
2862,2023-03-10,1,2,3
2863,2023-03-13,2,2,1
2864,2022-11-16,1,3,4
2865,2022-10-23,2,2,3
2866,2023-07-09,3,3,2
2867,2023-03-07,3,1,3
2868,2023-02-13,3,4,1
2869,2023-03-24,2,5,4
2870,2022-11-28,5,3,2
2871,2023-05-31,2,5,2
2872,2023-06-08,3,5,1
2873,2022-12-15,4,2,3
2874,2023-03-14,3,5,1
2875,2023-06-12,3,5,4
2876,2022-12-21,3,3,2
2877,2023-03-02,2,4,1
2878,2022-12-09,2,3,3
2879,2023-01-07,1,5,2
2880,2023-01-13,1,1,2
2881,2022-10-20,5,4,1
2882,2023-01-10,3,2,5
2883,2023-06-14,4,3,4
2884,2022-08-08,3,2,4
2885,2023-01-20,1,5,5
2886,2023-02-17,5,5,1
2887,2023-06-24,5,1,1
2888,2023-06-01,5,2,5
2889,2023-06-10,2,2,1
2890,2023-01-17,3,5,5
2891,2023-05-27,5,2,3
2892,2023-02-05,2,1,5
2893,2022-10-14,3,1,1
2894,2023-01-20,1,4,4
2895,2023-05-31,1,2,5
2896,2023-07-01,5,4,1
2897,2023-04-04,3,5,2
2898,2022-11-20,1,4,3
2899,2022-10-24,1,5,3
2900,2022-10-29,1,4,1
2901,2023-05-20,1,4,5
2902,2022-10-23,5,4,3
2903,2022-08-09,3,3,5
2904,2022-08-27,4,2,4
2905,2022-09-10,2,5,1
2906,2023-07-15,2,5,4
2907,2023-03-15,1,4,5
2908,2023-05-14,4,2,5
2909,2023-02-13,2,4,4
2910,2023-05-05,5,1,3
2911,2022-10-27,5,2,2
2912,2023-07-07,3,5,3
2913,2023-05-05,4,1,2
2914,2023-05-29,5,3,3
2915,2023-04-29,3,4,2
2916,2023-02-20,4,4,2
2917,2023-01-17,1,4,5
2918,2022-12-11,4,3,1
2919,2023-06-11,5,1,2
2920,2023-02-04,2,4,4
2921,2023-03-15,5,2,3
2922,2023-04-29,4,2,5
2923,2023-05-06,5,1,2
2924,2023-05-16,5,4,4
2925,2023-07-30,1,3,1
2926,2022-09-10,1,1,1
2927,2023-07-31,4,2,2
2928,2022-08-28,5,4,1
2929,2023-01-28,1,3,4
2930,2023-06-19,1,4,2
2931,2022-09-20,5,4,4
2932,2023-04-28,4,4,3
2933,2023-05-02,3,1,4
2934,2022-11-16,4,3,1
2935,2023-02-14,5,1,1
2936,2022-09-18,4,3,1
2937,2022-12-09,1,4,4
2938,2023-01-30,2,5,1
2939,2023-04-13,4,3,3
2940,2023-04-18,5,1,3
2941,2022-12-14,5,2,5
2942,2022-10-17,3,3,4
2943,2022-10-18,4,1,5
2944,2023-05-21,2,4,1
2945,2022-09-21,4,2,1
2946,2023-01-20,4,5,3
2947,2023-02-11,3,4,2
2948,2022-10-04,2,4,5
2949,2023-02-02,2,2,2
2950,2022-08-21,3,3,5
2951,2023-05-31,3,1,3
2952,2023-04-01,5,3,2
2953,2023-06-01,2,3,4
2954,2023-07-24,5,2,1
2955,2023-06-12,5,2,3
2956,2023-02-06,5,4,1
2957,2023-02-21,1,3,4
2958,2023-05-16,1,2,4
2959,2023-07-05,1,5,2
2960,2022-09-23,2,4,3
2961,2023-02-12,2,2,4
2962,2022-12-19,1,2,3
2963,2022-10-02,1,3,2
2964,2022-12-15,4,1,3
2965,2023-07-13,4,4,5
2966,2023-03-06,5,2,5
2967,2022-08-11,2,3,1
2968,2023-05-23,1,5,4
2969,2022-11-21,4,5,5
2970,2022-10-23,5,5,5
2971,2022-10-14,3,5,4
2972,2022-11-24,3,4,3
2973,2022-12-09,1,3,3
2974,2022-11-26,4,5,4
2975,2022-12-29,2,3,4
2976,2022-09-02,4,3,1
2977,2023-03-21,2,4,3
2978,2022-08-29,5,2,4
2979,2023-01-08,4,5,4
2980,2023-02-06,1,3,5
2981,2022-09-21,5,3,2
2982,2022-09-13,5,4,3
2983,2023-07-01,4,5,4
2984,2022-12-09,4,1,1
2985,2023-07-14,3,5,2
2986,2023-07-12,4,5,3
2987,2023-07-06,4,3,3
2988,2023-07-15,4,4,4
2989,2023-06-18,2,3,3
2990,2023-05-21,2,2,3
2991,2022-08-23,5,5,3
2992,2022-12-07,1,4,2
2993,2022-12-14,5,5,1
2994,2022-12-16,5,5,3
2995,2023-01-19,1,5,2
2996,2022-08-27,3,2,2
2997,2022-11-30,1,2,5
2998,2023-02-04,4,3,3
2999,2023-01-24,2,1,4
3000,2023-07-17,2,2,5
3001,2023-04-13,5,4,3
3002,2022-09-10,3,3,3
3003,2023-01-17,4,3,5
3004,2022-10-21,4,3,4
3005,2023-01-18,4,5,1
3006,2023-02-28,3,5,2
3007,2023-05-15,2,5,3
3008,2023-04-09,2,1,4
3009,2022-10-27,1,2,4
3010,2022-11-19,1,5,5
3011,2022-12-07,4,4,3
3012,2023-01-22,3,5,1
3013,2023-07-13,5,2,4
3014,2023-03-19,3,4,2
3015,2022-12-04,5,5,5
3016,2022-11-29,3,1,2
3017,2022-09-28,3,5,3
3018,2022-09-13,1,1,4
3019,2022-09-11,3,4,2
3020,2023-07-28,2,5,1
3021,2022-10-19,5,3,4
3022,2023-02-05,2,2,3
3023,2022-09-19,3,5,3
3024,2023-03-05,4,5,5
3025,2023-01-25,3,4,5
3026,2022-10-17,3,2,4
3027,2023-02-17,3,2,4
3028,2023-04-01,5,4,1
3029,2023-02-08,1,1,3
3030,2022-12-05,2,2,5
3031,2022-12-20,2,3,2
3032,2023-07-06,1,3,2
3033,2022-08-28,3,3,5
3034,2022-10-11,1,4,2
3035,2023-04-06,2,4,5
3036,2023-02-25,1,4,2
3037,2023-01-14,3,4,2
3038,2022-10-06,5,5,5
3039,2023-08-03,4,2,1
3040,2022-10-23,5,1,4
3041,2023-05-18,5,5,4
3042,2023-01-13,4,1,2
3043,2023-05-01,5,3,3
3044,2023-06-07,1,1,3
3045,2023-01-12,5,4,1
3046,2023-03-06,2,5,3
3047,2022-11-13,4,2,1
3048,2023-02-04,2,2,3
3049,2022-10-10,5,3,2
3050,2022-09-26,1,3,4
3051,2023-02-09,3,5,5
3052,2023-07-22,5,1,3
3053,2023-02-03,2,1,3
3054,2022-11-14,5,5,2
3055,2022-09-29,5,1,3
3056,2023-04-08,5,5,2
3057,2023-02-06,1,2,5
3058,2023-07-04,4,1,1
3059,2023-03-28,2,1,3
3060,2022-09-14,5,2,4
3061,2023-07-19,5,1,3
3062,2023-05-20,3,4,1
3063,2022-10-06,1,5,1
3064,2022-12-02,2,2,5
3065,2022-12-01,3,1,2
3066,2022-12-04,5,4,1
3067,2022-12-26,3,1,2
3068,2023-05-12,3,2,1
3069,2023-05-14,1,2,3
3070,2023-04-15,1,5,4
3071,2022-09-19,1,4,2
3072,2022-11-01,2,4,1
3073,2023-01-03,2,3,5
3074,2022-10-23,1,3,2
3075,2023-07-20,5,3,1
3076,2022-10-08,2,1,5
3077,2023-07-05,2,1,2
3078,2023-01-28,1,1,5
3079,2022-11-12,3,5,3
3080,2023-02-05,3,3,5
3081,2023-04-20,3,3,1
3082,2023-07-30,4,3,4
3083,2023-02-24,4,4,3
3084,2022-12-06,5,3,3
3085,2022-12-10,4,3,5
3086,2023-07-13,4,2,2
3087,2022-08-23,4,3,4
3088,2022-11-05,5,3,5
3089,2023-06-08,5,3,5
3090,2023-01-15,3,2,4
3091,2023-02-10,2,2,4
3092,2023-04-15,4,4,1
3093,2022-12-31,3,4,5
3094,2023-04-26,2,3,1
3095,2023-07-21,5,2,3
3096,2023-05-05,1,3,2
3097,2022-09-08,5,3,4
3098,2023-05-23,3,5,4
3099,2022-09-07,5,4,4
3100,2023-04-25,1,5,2
3101,2023-06-08,5,4,1
3102,2023-01-01,1,2,3
3103,2023-01-26,2,5,2
3104,2022-10-11,5,2,3
3105,2022-10-31,2,1,2
3106,2023-04-29,5,1,2
3107,2022-12-10,2,1,4
3108,2023-07-15,1,4,1
3109,2022-10-06,1,2,1
3110,2022-12-30,1,2,1
3111,2023-07-27,2,5,2
3112,2023-02-20,5,2,3
3113,2022-10-07,5,2,5
3114,2022-08-24,2,2,2
3115,2023-06-29,1,3,5
3116,2023-03-18,2,1,4
3117,2022-08-30,2,3,1
3118,2022-10-25,3,2,3
3119,2022-12-23,4,5,2
3120,2023-04-10,1,5,3
3121,2023-04-13,4,1,3
3122,2023-04-03,1,1,5
3123,2023-07-12,5,2,2
3124,2022-08-13,2,4,2
3125,2023-07-08,3,5,4
3126,2022-08-19,4,5,1
3127,2023-04-09,4,5,5
3128,2023-04-25,3,5,4
3129,2023-03-31,4,2,4
3130,2022-12-28,4,3,3
3131,2022-08-07,3,2,5
3132,2023-06-19,2,2,1
3133,2022-09-21,1,5,1
3134,2022-11-20,3,2,1
3135,2022-10-24,1,2,1
3136,2023-06-21,5,3,5
3137,2023-03-23,1,2,4
3138,2023-07-10,5,3,1
3139,2022-11-29,3,2,1
3140,2023-05-07,1,1,1
3141,2023-02-16,3,1,4
3142,2022-08-10,4,5,1
3143,2023-07-31,1,4,1
3144,2022-12-18,3,4,3
3145,2023-06-13,1,2,1
3146,2022-09-05,5,1,1
3147,2023-07-24,2,2,5
3148,2023-06-24,4,5,1
3149,2023-03-31,2,1,4
3150,2022-08-29,3,2,2
3151,2023-02-24,3,3,1
3152,2023-04-28,1,3,1
3153,2022-11-04,1,5,3
3154,2023-06-03,1,3,5
3155,2022-08-18,2,5,4
3156,2023-01-27,4,2,2
3157,2023-04-11,4,1,3
3158,2023-02-02,1,1,3
3159,2023-04-23,1,1,2
3160,2022-08-20,5,5,3
3161,2023-07-15,1,5,4
3162,2023-03-20,4,4,2
3163,2023-03-19,2,4,5
3164,2022-10-02,4,2,3
3165,2023-06-17,1,5,5
3166,2023-01-26,2,4,1
3167,2023-02-27,5,2,1
3168,2023-08-05,5,2,2
3169,2023-04-27,3,2,3
3170,2022-11-28,1,3,2
3171,2023-01-08,4,1,5
3172,2022-09-02,2,3,1
3173,2023-07-13,5,4,3
3174,2023-01-02,1,5,5
3175,2023-02-03,5,4,1
3176,2023-02-09,5,3,5
3177,2023-04-20,3,4,2
3178,2022-10-07,5,2,1
3179,2023-05-27,5,2,1
3180,2023-01-30,2,1,1
3181,2023-04-05,5,4,1
3182,2022-08-15,3,3,4
3183,2023-05-06,1,1,4
3184,2023-07-03,3,1,4
3185,2022-08-20,5,4,5
3186,2023-06-12,5,2,3
3187,2023-01-02,4,2,2
3188,2023-07-23,5,2,4
3189,2023-02-17,4,3,4
3190,2022-10-15,4,5,5
3191,2023-02-24,1,2,2
3192,2023-06-26,5,4,1
3193,2023-08-05,1,1,5
3194,2022-12-26,2,5,5
3195,2023-03-23,5,4,1
3196,2022-10-31,3,3,1
3197,2022-09-20,5,5,2
3198,2023-01-04,1,3,1
3199,2022-08-31,1,4,4
3200,2023-05-28,5,1,3
3201,2022-12-27,1,4,5
3202,2022-12-25,2,5,1
3203,2022-11-11,4,4,2
3204,2022-12-27,4,1,1
3205,2022-11-03,3,1,3
3206,2022-09-13,2,4,4
3207,2023-01-13,4,4,5
3208,2023-03-22,5,1,3
3209,2023-01-13,3,3,1
3210,2023-07-11,3,5,1
3211,2022-10-09,1,5,3
3212,2023-03-09,2,5,4
3213,2023-01-08,2,5,1
3214,2023-04-14,3,1,2
3215,2022-11-12,4,3,5
3216,2023-03-29,1,4,3
3217,2022-11-01,1,2,1
3218,2023-01-13,2,2,5
3219,2023-02-06,3,3,4
3220,2022-08-22,5,4,3
3221,2023-04-01,1,3,5
3222,2022-10-18,2,5,1
3223,2022-11-11,4,4,2
3224,2023-04-29,2,4,5
3225,2022-09-30,3,1,1
3226,2022-10-06,1,2,3
3227,2022-11-21,3,5,2
3228,2022-11-13,3,5,3
3229,2022-09-29,4,3,4
3230,2023-04-08,4,3,1
3231,2022-12-11,5,3,3
3232,2023-07-01,5,2,3
3233,2022-12-31,5,3,1
3234,2023-04-09,1,3,4
3235,2022-10-22,3,4,1
3236,2023-04-28,2,4,1
3237,2023-02-10,5,1,2
3238,2023-04-05,5,3,5
3239,2023-06-13,5,2,5
3240,2022-08-22,2,5,4
3241,2023-06-03,1,5,3
3242,2023-06-09,3,3,1
3243,2022-11-25,2,3,1
3244,2023-03-25,2,1,1
3245,2022-11-18,3,5,2
3246,2023-05-03,1,1,4
3247,2023-06-26,2,5,4
3248,2022-11-04,4,3,3
3249,2023-02-03,3,2,5
3250,2022-11-15,1,1,3
3251,2023-04-09,5,1,2
3252,2023-08-05,1,3,1
3253,2023-03-28,1,3,1
3254,2022-10-30,2,4,1
3255,2023-02-17,1,4,1
3256,2023-07-04,4,1,4
3257,2022-10-09,1,3,5
3258,2022-10-16,4,4,3
3259,2022-11-07,5,2,1
3260,2022-10-27,5,2,1
3261,2023-06-07,2,2,1
3262,2022-10-06,4,3,3
3263,2023-06-18,1,3,2
3264,2023-07-19,1,4,3
3265,2022-09-10,4,3,2
3266,2023-01-17,1,2,3
3267,2023-06-14,1,5,2
3268,2023-06-30,1,5,4
3269,2022-11-30,1,5,2
3270,2022-09-26,5,5,4
3271,2023-03-12,1,5,1
3272,2023-03-02,5,5,2
3273,2023-05-05,4,5,4
3274,2023-06-25,3,5,4
3275,2023-06-25,1,2,3
3276,2023-03-20,2,2,4
3277,2023-01-07,3,2,3
3278,2022-10-14,1,4,4
3279,2023-04-01,5,2,1
3280,2023-08-03,4,5,4
3281,2023-02-27,4,4,4
3282,2023-04-30,5,1,1
3283,2022-10-19,1,3,3
3284,2022-12-09,2,4,1
3285,2023-05-29,3,3,3
3286,2023-04-25,3,1,4
3287,2023-03-31,5,1,2
3288,2023-03-31,1,5,2
3289,2023-06-13,3,5,1
3290,2023-07-14,1,1,2
3291,2023-06-28,1,1,3
3292,2022-08-14,5,4,3
3293,2023-06-29,5,3,4
3294,2023-01-28,3,2,2
3295,2022-08-11,1,2,1
3296,2022-10-13,1,4,5
3297,2022-10-22,2,3,3
3298,2022-12-12,3,4,4
3299,2023-01-31,4,1,2
3300,2023-02-09,1,1,3
3301,2022-11-10,2,2,2
3302,2022-09-24,5,1,2
3303,2023-03-08,1,2,1
3304,2023-06-15,2,4,2
3305,2022-08-08,5,4,5
3306,2022-12-17,3,5,1
3307,2022-10-23,2,4,1
3308,2023-01-05,1,3,2
3309,2023-05-31,2,3,5
3310,2022-11-04,4,5,5
3311,2023-07-31,5,2,1
3312,2023-06-14,3,1,4
3313,2023-05-31,1,2,2
3314,2023-01-30,1,4,1
3315,2023-06-20,5,3,4
3316,2022-08-10,2,1,2
3317,2023-03-11,1,5,5
3318,2022-11-17,4,3,3
3319,2022-08-05,5,3,4
3320,2023-01-10,1,4,4
3321,2023-01-05,4,1,3
3322,2022-11-27,2,5,4
3323,2022-11-09,5,3,5
3324,2022-09-06,3,2,5
3325,2023-03-20,4,5,5
3326,2023-06-24,4,1,3
3327,2022-12-13,5,1,1
3328,2023-05-19,2,5,4
3329,2022-12-03,4,4,3
3330,2023-04-26,1,3,3
3331,2022-08-26,1,5,5
3332,2023-03-29,2,4,5
3333,2022-12-23,2,3,1
3334,2022-08-18,1,4,2
3335,2022-12-01,5,1,3
3336,2023-01-25,4,4,2
3337,2023-02-21,5,5,2
3338,2023-03-28,3,2,4
3339,2023-08-01,1,1,3
3340,2022-12-14,5,2,3
3341,2023-03-20,3,5,3
3342,2022-12-12,3,4,1
3343,2023-07-21,4,2,5
3344,2023-07-13,5,4,1
3345,2023-02-22,1,1,3
3346,2023-05-25,5,3,2
3347,2023-05-06,4,2,1
3348,2022-09-18,5,2,1
3349,2022-12-01,1,4,3
3350,2022-10-30,2,1,1
3351,2023-02-14,4,2,3
3352,2023-01-22,2,5,2
3353,2023-01-11,2,3,2
3354,2022-09-02,1,4,1
3355,2023-07-08,1,3,3
3356,2022-08-10,2,5,1
3357,2022-12-07,3,3,1
3358,2022-09-27,1,1,2
3359,2023-04-29,3,1,3
3360,2023-06-25,4,4,1
3361,2023-03-23,1,3,3
3362,2023-03-19,1,5,1
3363,2023-06-22,4,4,2
3364,2023-03-18,1,5,2
3365,2023-07-25,1,1,4
3366,2022-08-21,4,5,5
3367,2022-09-11,4,1,5
3368,2023-06-15,5,1,4
3369,2023-06-16,2,5,4
3370,2023-07-30,3,5,3
3371,2022-08-08,4,2,5
3372,2023-07-13,1,3,1
3373,2023-08-03,2,4,4
3374,2023-03-17,1,3,3
3375,2023-01-24,2,4,3
3376,2022-08-19,4,1,2
3377,2022-12-19,3,5,3
3378,2023-04-12,5,1,4
3379,2022-12-31,2,1,4
3380,2022-09-05,4,3,2
3381,2022-10-03,1,5,2
3382,2022-11-10,3,5,5
3383,2022-11-12,3,2,3
3384,2023-06-27,2,1,2
3385,2022-12-21,2,1,4
3386,2023-01-01,2,1,5
3387,2023-04-19,1,3,4
3388,2022-10-09,3,1,3
3389,2023-02-11,2,3,1
3390,2023-08-02,2,4,2
3391,2023-07-05,4,3,1
3392,2022-10-02,3,4,2
3393,2023-05-21,3,4,4
3394,2023-04-06,1,5,5
3395,2023-05-30,4,4,3
3396,2022-09-13,4,3,3
3397,2023-03-22,3,3,2
3398,2022-08-15,5,2,1
3399,2023-05-23,4,4,5
3400,2022-12-30,2,5,3
3401,2022-11-06,4,4,1
3402,2023-04-23,1,4,4
3403,2023-03-06,4,4,3
3404,2023-03-22,4,1,1
3405,2022-08-16,2,1,1
3406,2023-07-16,5,5,4
3407,2023-05-09,1,3,5
3408,2023-06-02,2,2,4
3409,2022-10-03,5,5,4
3410,2022-09-04,4,3,4
3411,2022-10-30,2,3,2
3412,2022-09-24,5,4,4
3413,2022-12-22,1,2,5
3414,2023-02-06,5,2,4
3415,2023-06-08,2,5,1
3416,2022-08-26,1,2,1
3417,2023-05-21,2,5,5
3418,2023-06-26,5,3,4
3419,2022-11-25,2,5,2
3420,2023-03-08,2,3,3
3421,2023-02-15,5,4,2
3422,2023-06-08,1,1,3
3423,2022-09-19,4,5,3
3424,2023-03-14,2,4,5
3425,2022-12-25,5,2,3
3426,2022-08-24,1,3,2
3427,2023-01-14,1,2,3
3428,2022-09-09,2,1,5
3429,2023-05-27,1,2,1
3430,2023-06-16,5,5,4
3431,2022-11-25,2,5,3
3432,2022-12-12,2,3,5
3433,2023-03-25,1,5,2
3434,2023-04-21,1,4,2
3435,2022-12-09,4,3,3
3436,2023-07-30,5,5,2
3437,2022-10-15,3,2,5
3438,2022-10-28,4,2,5
3439,2022-10-30,1,2,5
3440,2022-09-24,1,4,5
3441,2022-10-30,4,2,5
3442,2022-10-31,2,5,3
3443,2023-04-29,2,2,4
3444,2022-12-14,1,2,4
3445,2023-05-07,4,5,2
3446,2023-05-21,4,3,5
3447,2023-05-08,5,1,4
3448,2023-03-28,5,1,5
3449,2023-06-30,3,2,1
3450,2023-01-18,4,3,5
3451,2023-04-29,5,1,2
3452,2023-01-19,5,5,2
3453,2022-09-17,5,5,3
3454,2023-03-14,4,4,2
3455,2022-08-12,2,1,1
3456,2023-03-30,4,3,4
3457,2023-04-21,5,1,4
3458,2023-02-14,2,5,5
3459,2022-10-26,4,4,3
3460,2022-11-16,4,3,3
3461,2023-04-24,1,4,4
3462,2022-11-08,3,3,1
3463,2022-09-18,4,3,4
3464,2022-12-29,2,5,3
3465,2023-05-19,5,4,3
3466,2023-08-04,1,3,4
3467,2023-06-27,4,3,2
3468,2023-02-05,3,1,3
3469,2023-08-01,5,5,1
3470,2023-05-06,1,2,3
3471,2023-04-30,2,4,1
3472,2023-07-26,5,5,4
3473,2023-06-28,3,4,4
3474,2023-05-09,3,1,2
3475,2023-01-25,4,3,4
3476,2023-03-03,5,5,3
3477,2022-12-05,1,2,1
3478,2022-11-29,3,4,1
3479,2022-11-03,4,4,4
3480,2023-07-25,1,5,3
3481,2023-03-02,5,2,4
3482,2022-10-22,4,5,5
3483,2022-10-23,1,4,5
3484,2022-09-16,1,2,4
3485,2023-05-07,2,1,3
3486,2022-08-27,3,1,1
3487,2022-09-23,5,4,1
3488,2023-03-11,1,5,1
3489,2022-12-03,2,4,5
3490,2022-10-12,5,3,2
3491,2022-09-10,3,4,5
3492,2023-01-13,1,5,5
3493,2023-04-02,3,1,5
3494,2022-12-15,1,2,1
3495,2022-09-08,4,3,5
3496,2022-12-26,1,3,2
3497,2022-09-18,2,3,4
3498,2023-06-19,3,3,4
3499,2023-07-21,5,3,5
3500,2023-05-14,4,1,4
3501,2023-02-20,2,3,4
3502,2023-04-24,5,3,5
3503,2023-01-28,5,2,3
3504,2023-04-20,3,4,3
3505,2022-11-10,4,3,2
3506,2023-06-27,2,2,3
3507,2023-03-31,2,5,2
3508,2023-04-17,1,5,4
3509,2022-12-03,4,5,2
3510,2022-08-22,2,4,3
3511,2023-05-11,5,4,5
3512,2023-02-20,5,1,3
3513,2023-05-11,4,1,3
3514,2022-08-25,2,1,1
3515,2023-07-03,3,5,5
3516,2022-11-15,2,3,5
3517,2023-01-01,4,1,1
3518,2023-05-13,4,2,5
3519,2023-06-10,1,3,4
3520,2022-09-17,5,1,1
3521,2022-09-19,1,3,3
3522,2023-07-14,1,5,4
3523,2023-02-27,3,2,3
3524,2023-05-19,3,2,4
3525,2023-02-01,1,2,1
3526,2023-01-28,1,5,3
3527,2023-02-27,1,3,2
3528,2023-05-27,5,2,2
3529,2023-07-15,2,3,4
3530,2022-11-27,1,2,5
3531,2023-02-24,2,4,4
3532,2022-10-08,2,2,5
3533,2023-01-08,2,5,2
3534,2023-04-14,4,3,2
3535,2022-11-01,1,5,1
3536,2022-10-09,1,2,4
3537,2022-09-09,4,2,5
3538,2023-04-20,1,5,4
3539,2023-02-06,3,3,4
3540,2023-06-25,2,2,3
3541,2022-11-28,1,3,3
3542,2022-10-18,2,3,4
3543,2023-02-11,4,5,5
3544,2022-09-14,3,5,3
3545,2023-05-27,2,5,2
3546,2023-05-10,2,5,5
3547,2022-12-24,2,4,2
3548,2022-10-06,5,5,3
3549,2023-04-19,1,4,1
3550,2023-01-23,3,5,4
3551,2023-06-03,4,4,3
3552,2022-10-14,3,4,2
3553,2022-10-30,4,2,4
3554,2023-06-07,2,1,2
3555,2023-01-13,2,5,1
3556,2023-06-11,2,2,3
3557,2023-04-20,4,5,2
3558,2022-10-05,2,5,3
3559,2022-12-27,3,2,1
3560,2023-01-09,2,4,5
3561,2022-11-20,2,1,5
3562,2022-11-27,2,1,3
3563,2023-01-31,4,1,3
3564,2023-03-12,4,4,3
3565,2022-09-29,5,5,5
3566,2023-01-27,1,2,3
3567,2023-08-04,2,3,2
3568,2023-02-07,2,4,1
3569,2022-12-24,1,3,5
3570,2023-01-02,2,5,3
3571,2022-11-23,4,1,5
3572,2022-12-05,5,5,5
3573,2022-12-31,4,1,1
3574,2023-07-07,3,3,3
3575,2023-06-26,5,1,5
3576,2023-03-23,2,3,3
3577,2022-08-14,5,4,5
3578,2022-10-14,1,4,2
3579,2023-04-27,5,3,3
3580,2022-10-21,2,4,3
3581,2022-08-29,3,4,4
3582,2022-09-17,2,2,5
3583,2023-07-05,4,1,4
3584,2023-05-28,2,2,5
3585,2023-01-12,1,2,3
3586,2023-01-31,4,2,4
3587,2023-05-24,1,2,2
3588,2023-05-10,4,2,1
3589,2022-09-18,2,3,2
3590,2022-12-06,2,5,4
3591,2023-07-27,2,1,4
3592,2022-11-15,4,1,2
3593,2022-10-07,4,4,3
3594,2023-01-23,1,5,1
3595,2023-01-19,2,3,1
3596,2022-10-19,4,3,4
3597,2022-10-27,5,4,4
3598,2023-07-01,2,5,4
3599,2023-03-02,4,4,2
3600,2023-07-04,2,1,4
3601,2022-09-01,1,1,2
3602,2023-08-04,3,3,3
3603,2022-10-08,5,1,3
3604,2022-12-15,3,5,4
3605,2023-07-09,5,1,3
3606,2023-03-27,3,5,1
3607,2023-07-18,2,4,1
3608,2023-01-12,1,3,1
3609,2022-11-05,2,2,4
3610,2022-12-14,4,5,5
3611,2022-09-16,2,3,4
3612,2023-07-07,5,3,3
3613,2022-10-13,1,5,2
3614,2023-07-04,4,5,1
3615,2023-02-06,3,1,4
3616,2023-08-04,1,1,1
3617,2023-02-26,2,3,3
3618,2022-12-06,3,4,5
3619,2023-04-30,1,5,2
3620,2022-08-29,1,2,2
3621,2023-06-23,2,3,2
3622,2023-07-26,3,1,5
3623,2022-12-04,2,2,5
3624,2023-01-09,2,2,2
3625,2022-08-28,5,2,4
3626,2023-02-24,2,5,1
3627,2023-01-29,1,1,4
3628,2023-05-27,4,3,1
3629,2022-11-18,2,4,4
3630,2022-10-19,5,3,2
3631,2023-02-10,4,1,5
3632,2023-02-27,3,4,5
3633,2022-11-04,4,4,4
3634,2023-06-25,2,5,2
3635,2022-10-07,1,5,4
3636,2022-12-08,3,5,3
3637,2023-05-07,2,1,3
3638,2023-05-15,4,5,1
3639,2023-03-17,3,2,3
3640,2023-07-25,2,1,2
3641,2022-11-07,2,5,4
3642,2022-10-08,4,1,2
3643,2023-06-18,1,5,3
3644,2022-11-11,4,4,4
3645,2023-06-08,1,3,3
3646,2023-07-30,5,4,4
3647,2022-12-28,2,4,4
3648,2022-09-28,3,3,5
3649,2022-09-08,1,2,2
3650,2023-06-30,3,2,4
3651,2022-10-25,1,4,1
3652,2022-09-01,1,5,2
3653,2023-05-31,4,4,3
3654,2023-01-02,2,4,1
3655,2023-04-05,1,5,1
3656,2022-11-14,5,3,2
3657,2023-03-26,4,2,4
3658,2023-08-02,5,4,2
3659,2022-08-26,3,1,5
3660,2022-08-30,3,2,4
3661,2023-07-06,3,2,5
3662,2023-07-14,3,5,3
3663,2023-04-26,2,3,4
3664,2023-05-30,5,3,2
3665,2023-03-02,5,2,1
3666,2023-04-26,5,2,1
3667,2022-11-18,1,1,2
3668,2023-06-29,1,5,1
3669,2023-04-11,4,2,4
3670,2022-08-16,2,2,3
3671,2023-01-10,3,4,5
3672,2022-11-30,3,2,4
3673,2023-06-08,3,3,1
3674,2023-04-02,4,4,3
3675,2023-05-05,5,3,2
3676,2022-09-07,3,4,1
3677,2023-07-25,3,5,5
3678,2022-11-20,3,4,4
3679,2022-10-26,4,2,5
3680,2023-04-23,3,2,3
3681,2022-08-13,5,2,5
3682,2023-07-30,3,3,3
3683,2022-10-25,2,1,5
3684,2023-04-16,5,5,3
3685,2023-01-03,4,3,4
3686,2023-01-03,3,3,1
3687,2022-09-02,2,4,5
3688,2022-12-02,4,4,4
3689,2022-08-17,4,4,3
3690,2023-05-31,4,3,5
3691,2022-12-07,1,1,5
3692,2023-02-17,4,5,3
3693,2023-04-09,3,1,1
3694,2023-03-20,3,3,5
3695,2022-08-28,1,1,4
3696,2022-12-01,2,1,2
3697,2023-07-20,3,4,1
3698,2023-01-19,2,5,4
3699,2023-06-21,2,4,3
3700,2023-01-18,4,1,1
3701,2023-06-10,4,1,4
3702,2023-02-24,2,4,1
3703,2023-06-02,5,5,5
3704,2023-07-07,2,4,5
3705,2023-05-25,3,1,4
3706,2023-07-17,2,1,4
3707,2023-03-24,3,2,4
3708,2022-08-21,5,5,2
3709,2023-05-08,3,5,3
3710,2023-02-28,5,5,3
3711,2022-12-14,4,3,3
3712,2023-01-25,2,3,1
3713,2022-10-30,3,4,1
3714,2023-07-21,3,5,2
3715,2023-05-20,1,1,4
3716,2022-11-19,5,3,3
3717,2023-01-01,4,1,3
3718,2022-10-05,1,1,3
3719,2022-11-27,1,2,1
3720,2023-05-15,2,1,5
3721,2023-02-07,5,4,5
3722,2023-06-01,1,5,5
3723,2023-06-18,2,1,4
3724,2023-02-04,1,2,5
3725,2023-05-17,4,3,3
3726,2022-10-01,1,4,1
3727,2022-10-11,1,2,5
3728,2023-04-18,5,1,2
3729,2023-03-19,4,5,3
3730,2023-02-20,4,5,5
3731,2023-04-11,2,4,1
3732,2022-12-12,3,4,4
3733,2023-08-05,1,3,5
3734,2023-07-31,4,5,2
3735,2023-02-03,4,4,4
3736,2022-09-14,3,1,3
3737,2022-09-09,2,5,1
3738,2022-09-19,3,3,5
3739,2023-05-23,1,3,4
3740,2023-06-23,2,2,4
3741,2022-09-01,2,5,4
3742,2023-01-07,2,1,1
3743,2022-08-11,2,1,3
3744,2022-09-05,4,3,2
3745,2023-01-13,5,4,4
3746,2022-11-06,2,1,5
3747,2023-04-26,2,5,5
3748,2022-11-18,4,1,3
3749,2023-04-01,1,3,3
3750,2022-12-07,4,1,5
3751,2023-04-05,1,1,4
3752,2023-08-04,3,1,5
3753,2023-02-23,1,3,2
3754,2023-04-23,3,3,5
3755,2023-07-11,5,4,2
3756,2022-11-23,1,5,3
3757,2023-07-24,4,4,5
3758,2022-10-04,2,1,1
3759,2022-11-28,3,4,1
3760,2022-10-28,4,3,1
3761,2023-05-30,2,4,1
3762,2022-08-06,2,1,1
3763,2023-07-09,3,2,5
3764,2023-07-11,2,1,5
3765,2023-01-02,1,1,2
3766,2023-05-12,4,4,5
3767,2023-07-09,2,5,3
3768,2023-01-27,2,4,1
3769,2022-09-25,3,5,3
3770,2023-05-06,1,3,3
3771,2022-09-25,2,2,4
3772,2022-09-10,2,5,1
3773,2022-10-16,1,5,2
3774,2023-04-11,5,3,1
3775,2023-04-15,2,1,3
3776,2022-12-13,4,1,5
3777,2022-10-28,4,3,2
3778,2023-02-06,1,5,3
3779,2023-06-18,4,1,1
3780,2023-05-21,2,3,2
3781,2022-08-09,5,3,1
3782,2023-07-19,1,5,1
3783,2023-03-07,3,4,3
3784,2023-03-04,3,3,2
3785,2023-05-05,3,2,2
3786,2022-12-29,3,4,2
3787,2023-03-06,1,2,1
3788,2023-05-05,3,4,2
3789,2022-09-25,3,1,4
3790,2023-07-31,3,2,1
3791,2022-09-07,4,1,1
3792,2022-09-25,2,2,2
3793,2023-05-15,2,3,3
3794,2022-12-05,1,1,3
3795,2022-09-29,4,3,2
3796,2023-06-28,1,5,2
3797,2022-09-03,3,4,2
3798,2022-11-08,1,1,1
3799,2022-12-24,3,1,3
3800,2022-12-08,5,3,5
3801,2022-11-27,2,1,4
3802,2023-01-09,3,3,5
3803,2022-12-07,1,2,5
3804,2023-03-07,3,2,2
3805,2022-12-31,2,5,2
3806,2023-03-13,4,1,5
3807,2022-08-17,4,5,4
3808,2023-01-27,5,4,4
3809,2022-09-04,3,1,5
3810,2022-12-22,3,3,1
3811,2023-05-18,1,1,1
3812,2023-01-11,3,3,1
3813,2023-06-06,2,3,4
3814,2023-07-08,4,1,2
3815,2023-02-23,1,5,3
3816,2022-12-26,1,1,5
3817,2023-06-24,3,3,1
3818,2023-01-28,1,1,3
3819,2023-07-01,4,1,1
3820,2023-07-26,1,3,4
3821,2022-12-05,5,4,4
3822,2023-03-23,4,4,5
3823,2022-11-16,5,4,1
3824,2023-02-13,4,4,5
3825,2022-12-22,4,4,2
3826,2022-11-17,2,1,3
3827,2022-12-25,3,3,4
3828,2023-02-21,2,5,1
3829,2022-10-30,3,2,1
3830,2022-12-28,1,1,3
3831,2023-05-19,3,2,5
3832,2022-11-03,1,4,5
3833,2023-02-04,3,5,2
3834,2023-01-25,3,5,5
3835,2022-10-01,5,3,1
3836,2023-03-04,2,3,5
3837,2022-10-15,5,3,1
3838,2022-12-05,1,1,2
3839,2023-04-04,3,3,4
3840,2023-02-03,1,5,4
3841,2023-05-18,5,4,4
3842,2023-07-31,2,5,5
3843,2022-11-16,3,5,5
3844,2023-02-01,3,2,5
3845,2023-08-05,4,5,3
3846,2023-01-27,4,5,1
3847,2022-10-04,5,3,1
3848,2022-10-02,5,1,4
3849,2022-09-07,3,3,1
3850,2022-10-15,1,3,5
3851,2022-08-27,5,2,1
3852,2023-05-30,5,2,4
3853,2023-02-04,1,3,3
3854,2023-07-18,5,2,5
3855,2023-04-24,5,3,4
3856,2023-01-17,5,1,4
3857,2022-09-18,1,1,2
3858,2023-05-07,3,3,1
3859,2023-08-02,1,2,5
3860,2023-06-26,2,4,3
3861,2023-07-19,3,1,5
3862,2023-01-08,3,1,3
3863,2022-11-23,4,2,1
3864,2022-11-11,3,4,2
3865,2023-05-26,1,4,3
3866,2022-09-16,2,1,5
3867,2022-10-31,5,3,3
3868,2022-09-16,3,1,2
3869,2023-01-07,1,4,2
3870,2023-02-13,1,5,1
3871,2023-07-15,4,5,2
3872,2022-08-15,5,5,3
3873,2023-03-25,3,4,5
3874,2022-10-01,4,4,5
3875,2023-02-02,5,5,1
3876,2022-11-07,3,2,5
3877,2023-06-30,3,3,4
3878,2023-02-23,4,4,1
3879,2022-12-22,1,5,2
3880,2022-09-18,4,3,1
3881,2022-10-20,5,3,5
3882,2022-09-19,5,3,3
3883,2023-03-13,2,2,1
3884,2023-07-30,4,2,3
3885,2023-07-30,5,5,5
3886,2022-08-30,5,2,5
3887,2022-11-04,2,3,5
3888,2023-05-02,3,1,4
3889,2023-01-26,2,1,1
3890,2022-10-24,2,3,3
3891,2023-07-06,3,2,2
3892,2023-07-11,5,4,2
3893,2023-01-26,3,1,2
3894,2022-08-14,4,3,5
3895,2023-07-16,2,1,2
3896,2023-02-14,5,3,1
3897,2023-02-28,5,4,3
3898,2022-11-04,4,5,1
3899,2023-02-04,4,5,4
3900,2023-03-09,5,2,1
3901,2023-07-10,1,2,5
3902,2023-02-02,3,1,1
3903,2023-02-04,1,4,3
3904,2022-09-13,4,4,1
3905,2023-06-12,5,5,5
3906,2023-01-18,3,2,4
3907,2023-03-07,3,2,5
3908,2022-12-25,2,5,3
3909,2023-05-18,1,1,2
3910,2022-11-29,5,3,4
3911,2023-06-06,2,5,4
3912,2023-07-23,1,3,4
3913,2022-09-15,2,2,5
3914,2023-03-15,3,5,3
3915,2023-02-01,5,3,1
3916,2023-03-22,1,3,1
3917,2022-09-24,3,1,4
3918,2023-05-30,3,3,5
3919,2023-05-02,3,3,2
3920,2022-11-14,2,1,4
3921,2023-06-30,4,3,2
3922,2023-02-15,5,3,1
3923,2022-10-27,2,4,3
3924,2022-11-07,2,4,5
3925,2023-04-27,1,3,3
3926,2023-07-15,4,1,4
3927,2023-05-04,5,4,1
3928,2023-01-04,4,2,1
3929,2022-10-28,2,5,2
3930,2023-05-06,4,4,4
3931,2022-09-30,2,1,5
3932,2023-06-23,5,5,4
3933,2023-03-27,3,4,5
3934,2023-04-07,3,3,2
3935,2023-04-05,5,1,4
3936,2023-03-25,5,3,4
3937,2022-11-21,1,3,1
3938,2022-12-16,1,1,1
3939,2023-01-09,5,2,4
3940,2022-12-25,5,4,3
3941,2023-01-26,2,3,3
3942,2023-02-02,3,4,1
3943,2022-08-06,5,2,2
3944,2023-02-26,5,3,4
3945,2023-01-03,4,4,2
3946,2023-07-23,1,3,4
3947,2023-07-28,4,3,1
3948,2023-03-10,4,4,2
3949,2023-04-22,5,2,5
3950,2022-10-18,2,3,5
3951,2023-04-01,4,1,3
3952,2022-12-13,1,4,1
3953,2023-03-16,3,4,4
3954,2023-06-18,5,1,5
3955,2023-06-10,2,1,1
3956,2022-09-26,4,5,2
3957,2023-06-07,3,2,4
3958,2023-04-10,5,3,1
3959,2023-06-30,5,4,5
3960,2023-07-14,3,4,1
3961,2022-11-20,2,5,2
3962,2023-05-30,4,3,3
3963,2023-07-28,4,1,5
3964,2023-03-28,5,2,3
3965,2023-06-08,4,1,2
3966,2022-10-03,5,5,5
3967,2023-01-05,5,3,4
3968,2022-12-14,5,5,1
3969,2022-08-09,4,5,2
3970,2023-01-14,5,1,5
3971,2023-03-23,3,3,2
3972,2022-10-29,5,4,1
3973,2022-08-17,3,2,1
3974,2023-04-04,4,5,1
3975,2022-11-27,1,4,3
3976,2023-04-25,4,5,1
3977,2023-01-06,1,5,4
3978,2022-09-04,4,3,5
3979,2022-12-09,3,5,2
3980,2022-10-03,4,2,5
3981,2022-10-31,1,2,4
3982,2022-10-09,1,1,1
3983,2022-12-03,4,3,1
3984,2023-02-24,5,5,4
3985,2022-09-28,5,4,2
3986,2022-10-08,4,3,2
3987,2022-12-22,5,4,1
3988,2023-05-20,5,2,5
3989,2023-04-26,2,1,1
3990,2022-08-27,2,2,1
3991,2022-10-11,2,3,2
3992,2023-07-14,4,3,1
3993,2022-10-16,3,4,4
3994,2023-02-14,3,5,2
3995,2023-01-05,4,5,2
3996,2023-04-14,3,5,1
3997,2022-09-10,2,4,1
3998,2023-02-22,5,5,2
3999,2022-10-02,5,4,2
4000,2023-04-21,3,2,1
